out_000001+section14-1.jpg, 187, 109, 293, 142, 0, 0, 0, 0, 0, 0, 0, 0, 0, 0, 0, 0
out_000001+section17-0.jpg, 119, 81, 160, 92, 0, 0, 0, 0, 0, 0, 0, 0, 0, 0, 0, 0
out_000001+section24-2.jpg, 187, 165, 315, 224, 0, 0, 0, 0, 0, 0, 0, 0, 0, 0, 0, 0
out_000001+section24-3.jpg, 193, 3, 272, 28, 0, 0, 0, 0, 0, 0, 0, 0, 0, 0, 0, 0
out_000001+section33-2.jpg, 106, 82, 231, 139, 0, 0, 0, 0, 0, 0, 0, 0, 0, 0, 0, 0
out_000001+section36-1.jpg, 182, 81, 271, 101, 0, 0, 0, 0, 0, 0, 0, 0, 0, 0, 0, 0
out_000256+section0-1.jpg, 1, 118, 75, 138, 0, 0, 0, 0, 0, 0, 0, 0, 0, 0, 0, 0
out_000256+section18-0.jpg, 75, 216, 161, 225, 128, 80, 163, 89, 0, 0, 0, 0, 0, 0, 0, 0
out_000256+section18-1.jpg, 71, 3, 162, 12, 0, 0, 0, 0, 0, 0, 0, 0, 0, 0, 0, 0
out_000256+section36-1.jpg, 308, 118, 332, 140, 0, 0, 0, 0, 0, 0, 0, 0, 0, 0, 0, 0
out_000508+section10-0.jpg, 311, 98, 332, 105, 0, 0, 0, 0, 0, 0, 0, 0, 0, 0, 0, 0
out_000508+section26-0.jpg, 27, 190, 96, 203, 0, 0, 0, 0, 0, 0, 0, 0, 0, 0, 0, 0
out_000508+section36-0.jpg, 200, 23, 215, 28, 0, 0, 0, 0, 0, 0, 0, 0, 0, 0, 0, 0
out_001248+section21-2.jpg, 131, 159, 294, 212, 0, 0, 0, 0, 0, 0, 0, 0, 0, 0, 0, 0
out_001248+section33-2.jpg, 162, 136, 309, 190, 0, 0, 0, 0, 0, 0, 0, 0, 0, 0, 0, 0
out_001248+section36-0.jpg, 89, 100, 132, 114, 0, 0, 0, 0, 0, 0, 0, 0, 0, 0, 0, 0
out_001613+section16-0.jpg, 312, 61, 331, 67, 0, 0, 0, 0, 0, 0, 0, 0, 0, 0, 0, 0
out_001613+section18-0.jpg, 270, 45, 289, 51, 0, 0, 0, 0, 0, 0, 0, 0, 0, 0, 0, 0
out_001613+section35-0.jpg, 171, 216, 237, 226, 0, 0, 0, 0, 0, 0, 0, 0, 0, 0, 0, 0
out_001613+section35-1.jpg, 170, 3, 238, 10, 0, 0, 0, 0, 0, 0, 0, 0, 0, 0, 0, 0
out_001613+section36-0.jpg, 193, 48, 209, 51, 0, 0, 0, 0, 0, 0, 0, 0, 0, 0, 0, 0
out_001613+section8-0.jpg, 113, 165, 161, 180, 0, 0, 0, 0, 0, 0, 0, 0, 0, 0, 0, 0
out_001613+section9-0.jpg, 51, 39, 66, 45, 0, 0, 0, 0, 0, 0, 0, 0, 0, 0, 0, 0
out_001863+section0-0.jpg, 21, 82, 40, 88, 102, 108, 127, 115, 0, 0, 0, 0, 0, 0, 0, 0
out_001863+section10-0.jpg, 54, 169, 120, 182, 0, 0, 0, 0, 0, 0, 0, 0, 0, 0, 0, 0
out_001863+section1-1.jpg, 90, 21, 161, 42, 0, 0, 0, 0, 0, 0, 0, 0, 0, 0, 0, 0
out_001863+section12-1.jpg, 41, 51, 116, 74, 260, 53, 332, 99, 0, 0, 0, 0, 0, 0, 0, 0
out_001863+section14-2.jpg, 2, 82, 157, 161, 0, 0, 0, 0, 0, 0, 0, 0, 0, 0, 0, 0
out_001863+section16-0.jpg, 233, 78, 271, 90, 306, 152, 332, 166, 0, 0, 0, 0, 0, 0, 0, 0
out_001863+section17-0.jpg, 59, 40, 90, 48, 142, 78, 184, 89, 1, 151, 42, 166, 192, 15, 208, 19
out_001863+section18-0.jpg, 2, 15, 10, 19, 102, 30, 126, 38, 181, 8, 192, 12, 0, 0, 0, 0
out_001863+section36-0.jpg, 79, 149, 123, 159, 224, 83, 249, 89, 0, 0, 0, 0, 0, 0, 0, 0
out_001863+section36-1.jpg, 188, 72, 278, 94, 0, 0, 0, 0, 0, 0, 0, 0, 0, 0, 0, 0
out_002122+section21-0.jpg, 115, 172, 164, 183, 0, 0, 0, 0, 0, 0, 0, 0, 0, 0, 0, 0
out_002122+section33-1.jpg, 226, 4, 265, 11, 0, 0, 0, 0, 0, 0, 0, 0, 0, 0, 0, 0
out_002376+section17-0.jpg, 198, 133, 257, 152, 0, 0, 0, 0, 0, 0, 0, 0, 0, 0, 0, 0
out_002376+section18-0.jpg, 76, 52, 99, 60, 180, 10, 192, 16, 320, 44, 331, 52, 0, 0, 0, 0
out_002376+section19-0.jpg, 128, 122, 185, 138, 0, 0, 0, 0, 0, 0, 0, 0, 0, 0, 0, 0
out_002376+section24-0.jpg, 61, 194, 114, 212, 0, 0, 0, 0, 0, 0, 0, 0, 0, 0, 0, 0
out_002376+section30-4.jpg, 289, 56, 331, 138, 0, 0, 0, 0, 0, 0, 0, 0, 0, 0, 0, 0
out_002376+section31-4.jpg, 2, 87, 129, 225, 0, 0, 0, 0, 0, 0, 0, 0, 0, 0, 0, 0
out_002376+section4-3.jpg, 51, 193, 233, 226, 0, 0, 0, 0, 0, 0, 0, 0, 0, 0, 0, 0
out_002376+section4-4.jpg, 43, 3, 217, 46, 0, 0, 0, 0, 0, 0, 0, 0, 0, 0, 0, 0
out_002628+section0-0.jpg, 50, 98, 75, 104, 0, 0, 0, 0, 0, 0, 0, 0, 0, 0, 0, 0
out_002628+section0-1.jpg, 1, 85, 29, 104, 0, 0, 0, 0, 0, 0, 0, 0, 0, 0, 0, 0
out_002628+section16-1.jpg, 128, 50, 214, 71, 0, 0, 0, 0, 0, 0, 0, 0, 0, 0, 0, 0
out_002628+section17-0.jpg, 1, 97, 34, 106, 164, 54, 179, 61, 292, 33, 305, 38, 0, 0, 0, 0
out_002628+section35-0.jpg, 244, 199, 298, 212, 0, 0, 0, 0, 0, 0, 0, 0, 0, 0, 0, 0
out_002628+section36-1.jpg, 280, 84, 332, 106, 0, 0, 0, 0, 0, 0, 0, 0, 0, 0, 0, 0
out_002882+section10-5.jpg, 18, 56, 331, 180, 0, 0, 0, 0, 0, 0, 0, 0, 0, 0, 0, 0
out_002882+section11-5.jpg, 2, 125, 56, 185, 0, 0, 0, 0, 0, 0, 0, 0, 0, 0, 0, 0
out_002882+section15-2.jpg, 30, 205, 284, 226, 0, 0, 0, 0, 0, 0, 0, 0, 0, 0, 0, 0
out_002882+section15-3.jpg, 39, 5, 287, 50, 0, 0, 0, 0, 0, 0, 0, 0, 0, 0, 0, 0
out_002882+section17-0.jpg, 288, 56, 314, 65, 0, 0, 0, 0, 0, 0, 0, 0, 0, 0, 0, 0
out_002882+section17-1.jpg, 9, 18, 74, 44, 0, 0, 0, 0, 0, 0, 0, 0, 0, 0, 0, 0
out_002882+section19-0.jpg, 25, 174, 68, 197, 192, 196, 264, 218, 0, 0, 0, 0, 0, 0, 0, 0
out_002882+section20-1.jpg, 32, 96, 141, 136, 0, 0, 0, 0, 0, 0, 0, 0, 0, 0, 0, 0
out_002882+section21-2.jpg, 121, 204, 308, 226, 0, 0, 0, 0, 0, 0, 0, 0, 0, 0, 0, 0
out_002882+section21-3.jpg, 115, 4, 332, 62, 0, 0, 0, 0, 0, 0, 0, 0, 0, 0, 0, 0
out_002882+section22-3.jpg, 0, 4, 26, 68, 0, 0, 0, 0, 0, 0, 0, 0, 0, 0, 0, 0
out_002882+section27-6.jpg, 137, 59, 331, 170, 0, 0, 0, 0, 0, 0, 0, 0, 0, 0, 0, 0
out_002882+section28-5.jpg, 14, 185, 144, 226, 0, 0, 0, 0, 0, 0, 0, 0, 0, 0, 0, 0
out_002882+section28-6.jpg, 1, 3, 143, 113, 0, 0, 0, 0, 0, 0, 0, 0, 0, 0, 0, 0
out_002882+section32-0.jpg, 18, 64, 52, 74, 205, 62, 243, 71, 285, 219, 332, 225, 0, 0, 0, 0
out_002882+section32-1.jpg, 284, 4, 332, 12, 0, 0, 0, 0, 0, 0, 0, 0, 0, 0, 0, 0
out_002882+section35-0.jpg, 243, 197, 271, 208, 0, 0, 0, 0, 0, 0, 0, 0, 0, 0, 0, 0
out_003346+section17-0.jpg, 46, 58, 73, 66, 186, 110, 204, 125, 0, 0, 0, 0, 0, 0, 0, 0
out_003346+section18-0.jpg, 153, 173, 222, 188, 0, 0, 0, 0, 0, 0, 0, 0, 0, 0, 0, 0
out_004052+section10-1.jpg, 1, 78, 38, 102, 0, 0, 0, 0, 0, 0, 0, 0, 0, 0, 0, 0
out_004052+section11-1.jpg, 126, 97, 214, 121, 0, 0, 0, 0, 0, 0, 0, 0, 0, 0, 0, 0
out_004052+section12-0.jpg, 195, 199, 265, 223, 0, 0, 0, 0, 0, 0, 0, 0, 0, 0, 0, 0
out_004052+section15-0.jpg, 280, 136, 331, 157, 0, 0, 0, 0, 0, 0, 0, 0, 0, 0, 0, 0
out_004052+section20-2.jpg, 127, 13, 281, 70, 0, 0, 0, 0, 0, 0, 0, 0, 0, 0, 0, 0
out_004052+section22-2.jpg, 253, 48, 332, 89, 0, 0, 0, 0, 0, 0, 0, 0, 0, 0, 0, 0
out_004052+section23-2.jpg, 2, 47, 118, 88, 0, 0, 0, 0, 0, 0, 0, 0, 0, 0, 0, 0
out_004052+section25-2.jpg, 27, 25, 174, 65, 0, 0, 0, 0, 0, 0, 0, 0, 0, 0, 0, 0
out_004052+section28-0.jpg, 164, 94, 206, 109, 0, 0, 0, 0, 0, 0, 0, 0, 0, 0, 0, 0
out_004052+section3-0.jpg, 28, 102, 53, 111, 100, 197, 141, 215, 0, 0, 0, 0, 0, 0, 0, 0
out_004052+section31-1.jpg, 55, 35, 82, 69, 0, 0, 0, 0, 0, 0, 0, 0, 0, 0, 0, 0
out_004052+section35-2.jpg, 1, 9, 130, 40, 0, 0, 0, 0, 0, 0, 0, 0, 0, 0, 0, 0
out_004052+section35-6.jpg, 75, 67, 174, 86, 0, 0, 0, 0, 0, 0, 0, 0, 0, 0, 0, 0
out_004052+section4-0.jpg, 11, 213, 62, 225, 0, 0, 0, 0, 0, 0, 0, 0, 0, 0, 0, 0
out_004052+section4-1.jpg, 10, 1, 66, 10, 232, 2, 295, 21, 0, 0, 0, 0, 0, 0, 0, 0
out_004052+section5-1.jpg, 211, 18, 285, 42, 0, 0, 0, 0, 0, 0, 0, 0, 0, 0, 0, 0
out_004052+section6-1.jpg, 267, 51, 332, 77, 0, 0, 0, 0, 0, 0, 0, 0, 0, 0, 0, 0
out_004052+section7-1.jpg, 1, 54, 28, 78, 0, 0, 0, 0, 0, 0, 0, 0, 0, 0, 0, 0
out_004052+section8-1.jpg, 66, 13, 162, 37, 0, 0, 0, 0, 0, 0, 0, 0, 0, 0, 0, 0
out_004052+section9-1.jpg, 265, 78, 331, 102, 0, 0, 0, 0, 0, 0, 0, 0, 0, 0, 0, 0
out_005007+section0-0.jpg, 294, 62, 320, 72, 0, 0, 0, 0, 0, 0, 0, 0, 0, 0, 0, 0
out_005007+section0-1.jpg, 1, 210, 107, 226, 0, 0, 0, 0, 0, 0, 0, 0, 0, 0, 0, 0
out_005007+section0-2.jpg, 0, 1, 108, 15, 0, 0, 0, 0, 0, 0, 0, 0, 0, 0, 0, 0
out_005007+section0-5.jpg, 21, 208, 134, 224, 0, 0, 0, 0, 0, 0, 0, 0, 0, 0, 0, 0
out_005007+section15-1.jpg, 68, 19, 149, 46, 0, 0, 0, 0, 0, 0, 0, 0, 0, 0, 0, 0
out_005620+section2-0.jpg, 64, 65, 88, 75, 289, 131, 326, 145, 0, 0, 0, 0, 0, 0, 0, 0
out_005620+section36-0.jpg, 69, 153, 109, 164, 0, 0, 0, 0, 0, 0, 0, 0, 0, 0, 0, 0
out_005876+section0-0.jpg, 1, 179, 29, 191, 301, 58, 316, 62, 0, 0, 0, 0, 0, 0, 0, 0
out_005876+section11-0.jpg, 178, 157, 199, 177, 0, 0, 0, 0, 0, 0, 0, 0, 0, 0, 0, 0
out_005876+section13-0.jpg, 66, 139, 97, 154, 0, 0, 0, 0, 0, 0, 0, 0, 0, 0, 0, 0
out_005876+section15-0.jpg, 65, 82, 91, 92, 0, 0, 0, 0, 0, 0, 0, 0, 0, 0, 0, 0
out_005876+section16-0.jpg, 215, 29, 234, 36, 0, 0, 0, 0, 0, 0, 0, 0, 0, 0, 0, 0
out_005876+section20-0.jpg, 15, 186, 90, 205, 0, 0, 0, 0, 0, 0, 0, 0, 0, 0, 0, 0
out_005876+section26-3.jpg, 52, 166, 126, 225, 0, 0, 0, 0, 0, 0, 0, 0, 0, 0, 0, 0
out_005876+section26-4.jpg, 47, 3, 115, 52, 0, 0, 0, 0, 0, 0, 0, 0, 0, 0, 0, 0
out_005876+section30-3.jpg, 23, 63, 117, 182, 0, 0, 0, 0, 0, 0, 0, 0, 0, 0, 0, 0
out_005876+section3-0.jpg, 168, 104, 199, 115, 1, 88, 23, 97, 0, 0, 0, 0, 0, 0, 0, 0
out_005876+section35-1.jpg, 1, 25, 72, 45, 0, 0, 0, 0, 0, 0, 0, 0, 0, 0, 0, 0
out_005876+section36-0.jpg, 315, 178, 332, 191, 0, 0, 0, 0, 0, 0, 0, 0, 0, 0, 0, 0
out_005876+section4-0.jpg, 112, 124, 145, 139, 0, 0, 0, 0, 0, 0, 0, 0, 0, 0, 0, 0
out_005876+section5-0.jpg, 168, 135, 199, 154, 0, 0, 0, 0, 0, 0, 0, 0, 0, 0, 0, 0
out_005876+section7-0.jpg, 70, 153, 94, 166, 0, 0, 0, 0, 0, 0, 0, 0, 0, 0, 0, 0
out_006460+section0-0.jpg, 247, 87, 273, 97, 0, 0, 0, 0, 0, 0, 0, 0, 0, 0, 0, 0
out_006460+section10-0.jpg, 127, 126, 147, 133, 0, 0, 0, 0, 0, 0, 0, 0, 0, 0, 0, 0
out_006460+section1-0.jpg, 186, 83, 213, 92, 295, 79, 315, 86, 0, 0, 0, 0, 0, 0, 0, 0
out_006460+section12-2.jpg, 243, 169, 332, 225, 0, 0, 0, 0, 0, 0, 0, 0, 0, 0, 0, 0
out_006460+section12-3.jpg, 279, 2, 332, 19, 0, 0, 0, 0, 0, 0, 0, 0, 0, 0, 0, 0
out_006460+section16-1.jpg, 140, 98, 191, 112, 0, 0, 0, 0, 0, 0, 0, 0, 0, 0, 0, 0
out_006460+section17-0.jpg, 98, 102, 123, 111, 247, 143, 286, 154, 0, 0, 0, 0, 0, 0, 0, 0
out_006460+section18-0.jpg, 113, 78, 136, 84, 239, 12, 253, 18, 0, 0, 0, 0, 0, 0, 0, 0
out_006460+section19-0.jpg, 116, 37, 140, 47, 0, 0, 0, 0, 0, 0, 0, 0, 0, 0, 0, 0
out_006460+section8-0.jpg, 2, 168, 25, 179, 262, 151, 287, 161, 0, 0, 0, 0, 0, 0, 0, 0
out_006460+section9-0.jpg, 145, 141, 164, 148, 0, 0, 0, 0, 0, 0, 0, 0, 0, 0, 0, 0
out_007163+section34-0.jpg, 129, 89, 153, 96, 0, 0, 0, 0, 0, 0, 0, 0, 0, 0, 0, 0
out_007163+section9-0.jpg, 75, 56, 98, 65, 251, 45, 269, 54, 0, 0, 0, 0, 0, 0, 0, 0
out_007440+section14-1.jpg, 203, 147, 297, 190, 0, 0, 0, 0, 0, 0, 0, 0, 0, 0, 0, 0
out_007440+section15-1.jpg, 92, 24, 149, 57, 0, 0, 0, 0, 0, 0, 0, 0, 0, 0, 0, 0
out_007440+section16-0.jpg, 93, 198, 129, 226, 0, 0, 0, 0, 0, 0, 0, 0, 0, 0, 0, 0
out_007440+section19-0.jpg, 165, 46, 186, 60, 0, 0, 0, 0, 0, 0, 0, 0, 0, 0, 0, 0
out_007440+section21-0.jpg, 164, 43, 198, 55, 0, 0, 0, 0, 0, 0, 0, 0, 0, 0, 0, 0
out_007440+section22-0.jpg, 36, 77, 70, 93, 0, 0, 0, 0, 0, 0, 0, 0, 0, 0, 0, 0
out_007440+section31-3.jpg, 256, 206, 331, 224, 0, 0, 0, 0, 0, 0, 0, 0, 0, 0, 0, 0
out_007440+section31-4.jpg, 219, 2, 332, 72, 0, 0, 0, 0, 0, 0, 0, 0, 0, 0, 0, 0
out_007440+section3-1.jpg, 166, 136, 246, 182, 0, 0, 0, 0, 0, 0, 0, 0, 0, 0, 0, 0
out_007440+section32-3.jpg, 2, 171, 160, 225, 0, 0, 0, 0, 0, 0, 0, 0, 0, 0, 0, 0
out_007440+section32-4.jpg, 1, 3, 0, 0, 0, 0, 0, 0, 0, 0, 0, 0, 0, 0, 0, 0
out_007440+section34-2.jpg, 0, 0, 126, 36, 239, 2, 299, 58, 0, 0, 0, 0, 0, 0, 0, 0
out_007440+section5-2.jpg, 120, 12, 272, 77, 0, 0, 0, 0, 0, 0, 0, 0, 0, 0, 0, 0
out_007440+section8-2.jpg, 0, 200, 222, 225, 0, 0, 0, 0, 0, 0, 0, 0, 0, 0, 0, 0
out_007440+section8-3.jpg, 1, 2, 222, 30, 0, 0, 0, 0, 0, 0, 0, 0, 0, 0, 0, 0
out_007691+section1-0.jpg, 85, 59, 99, 66, 153, 52, 165, 56, 260, 89, 282, 95, 0, 0, 0, 0
out_007691+section13-0.jpg, 276, 177, 324, 196, 0, 0, 0, 0, 0, 0, 0, 0, 0, 0, 0, 0
out_007691+section15-0.jpg, 222, 89, 254, 97, 0, 0, 0, 0, 0, 0, 0, 0, 0, 0, 0, 0
out_007691+section16-0.jpg, 266, 86, 314, 103, 0, 0, 0, 0, 0, 0, 0, 0, 0, 0, 0, 0
out_007691+section17-0.jpg, 95, 57, 126, 65, 0, 0, 0, 0, 0, 0, 0, 0, 0, 0, 0, 0
out_007691+section2-0.jpg, 189, 95, 214, 104, 0, 0, 0, 0, 0, 0, 0, 0, 0, 0, 0, 0
out_007691+section4-0.jpg, 117, 178, 160, 198, 0, 0, 0, 0, 0, 0, 0, 0, 0, 0, 0, 0
out_007943+section10-0.jpg, 101, 14, 124, 22, 0, 0, 0, 0, 0, 0, 0, 0, 0, 0, 0, 0
out_007943+section11-0.jpg, 90, 19, 112, 25, 0, 0, 0, 0, 0, 0, 0, 0, 0, 0, 0, 0
out_007943+section12-0.jpg, 159, 5, 181, 17, 0, 0, 0, 0, 0, 0, 0, 0, 0, 0, 0, 0
out_007943+section8-0.jpg, 46, 10, 68, 17, 299, 3, 329, 11, 0, 0, 0, 0, 0, 0, 0, 0
out_008269+section0-0.jpg, 53, 198, 104, 211, 288, 220, 332, 226, 0, 0, 0, 0, 0, 0, 0, 0
out_008269+section1-0.jpg, 157, 179, 204, 190, 0, 0, 0, 0, 0, 0, 0, 0, 0, 0, 0, 0
out_008269+section11-3.jpg, 156, 119, 331, 180, 0, 0, 0, 0, 0, 0, 0, 0, 0, 0, 0, 0
out_008269+section1-1.jpg, 118, 63, 134, 87, 276, 87, 305, 118, 0, 0, 0, 0, 0, 0, 0, 0
out_008269+section12-3.jpg, 1, 95, 69, 144, 0, 0, 0, 0, 0, 0, 0, 0, 0, 0, 0, 0
out_008269+section14-0.jpg, 171, 80, 198, 91, 0, 0, 0, 0, 0, 0, 0, 0, 0, 0, 0, 0
out_008269+section14-1.jpg, 102, 202, 253, 226, 0, 0, 0, 0, 0, 0, 0, 0, 0, 0, 0, 0
out_008269+section14-2.jpg, 108, 4, 252, 36, 0, 0, 0, 0, 0, 0, 0, 0, 0, 0, 0, 0
out_008269+section15-0.jpg, 148, 60, 172, 68, 288, 43, 309, 49, 0, 0, 0, 0, 0, 0, 0, 0
out_008269+section15-1.jpg, 160, 96, 223, 141, 0, 0, 0, 0, 0, 0, 0, 0, 0, 0, 0, 0
out_008269+section20-0.jpg, 26, 188, 45, 221, 0, 0, 0, 0, 0, 0, 0, 0, 0, 0, 0, 0
out_008269+section20-1.jpg, 55, 57, 86, 85, 255, 63, 300, 100, 0, 0, 0, 0, 0, 0, 0, 0
out_008269+section21-1.jpg, 108, 118, 186, 166, 0, 0, 0, 0, 0, 0, 0, 0, 0, 0, 0, 0
out_008269+section2-1.jpg, 65, 115, 102, 147, 239, 180, 296, 222, 0, 0, 0, 0, 0, 0, 0, 0
out_008269+section22-2.jpg, 109, 141, 244, 223, 0, 0, 0, 0, 0, 0, 0, 0, 0, 0, 0, 0
out_008269+section25-0.jpg, 241, 16, 283, 29, 0, 0, 0, 0, 0, 0, 0, 0, 0, 0, 0, 0
out_008269+section25-2.jpg, 39, 162, 287, 226, 0, 0, 0, 0, 0, 0, 0, 0, 0, 0, 0, 0
out_008269+section27-0.jpg, 264, 32, 308, 44, 0, 0, 0, 0, 0, 0, 0, 0, 0, 0, 0, 0
out_008269+section28-0.jpg, 200, 75, 215, 87, 0, 0, 0, 0, 0, 0, 0, 0, 0, 0, 0, 0
out_008269+section29-0.jpg, 243, 84, 284, 96, 0, 0, 0, 0, 0, 0, 0, 0, 0, 0, 0, 0
out_008269+section29-2.jpg, 59, 202, 331, 224, 0, 0, 0, 0, 0, 0, 0, 0, 0, 0, 0, 0
out_008269+section29-3.jpg, 58, 3, 332, 46, 0, 0, 0, 0, 0, 0, 0, 0, 0, 0, 0, 0
out_008269+section30-0.jpg, 213, 181, 287, 202, 106, 65, 142, 71, 0, 0, 0, 0, 0, 0, 0, 0
out_008269+section3-0.jpg, 109, 134, 142, 143, 274, 128, 310, 135, 0, 0, 0, 0, 0, 0, 0, 0
out_008269+section31-3.jpg, 240, 4, 331, 59, 0, 0, 0, 0, 0, 0, 0, 0, 0, 0, 0, 0
out_008269+section3-1.jpg, 241, 195, 325, 224, 0, 0, 0, 0, 0, 0, 0, 0, 0, 0, 0, 0
out_008269+section32-0.jpg, 51, 75, 81, 87, 146, 78, 171, 82, 0, 0, 0, 0, 0, 0, 0, 0
out_008269+section32-2.jpg, 2, 202, 75, 225, 0, 0, 0, 0, 0, 0, 0, 0, 0, 0, 0, 0
out_008269+section32-3.jpg, 1, 3, 78, 37, 0, 0, 0, 0, 0, 0, 0, 0, 0, 0, 0, 0
out_008269+section3-2.jpg, 243, 3, 320, 27, 0, 0, 0, 0, 0, 0, 0, 0, 0, 0, 0, 0
out_008269+section33-0.jpg, 8, 172, 48, 189, 0, 0, 0, 0, 0, 0, 0, 0, 0, 0, 0, 0
out_008269+section33-2.jpg, 258, 58, 332, 96, 0, 0, 0, 0, 0, 0, 0, 0, 0, 0, 0, 0
out_008269+section34-1.jpg, 229, 176, 273, 205, 0, 0, 0, 0, 0, 0, 0, 0, 0, 0, 0, 0
out_008269+section35-0.jpg, 260, 177, 312, 194, 0, 0, 0, 0, 0, 0, 0, 0, 0, 0, 0, 0
out_008269+section36-0.jpg, 175, 209, 226, 224, 0, 0, 0, 0, 0, 0, 0, 0, 0, 0, 0, 0
out_008269+section4-0.jpg, 58, 138, 89, 153, 0, 0, 0, 0, 0, 0, 0, 0, 0, 0, 0, 0
out_008269+section5-3.jpg, 17, 23, 181, 95, 0, 0, 0, 0, 0, 0, 0, 0, 0, 0, 0, 0
out_008269+section6-0.jpg, 42, 173, 77, 193, 0, 0, 0, 0, 0, 0, 0, 0, 0, 0, 0, 0
out_008269+section7-4.jpg, 188, 29, 332, 100, 0, 0, 0, 0, 0, 0, 0, 0, 0, 0, 0, 0
out_008269+section8-4.jpg, 2, 53, 162, 115, 0, 0, 0, 0, 0, 0, 0, 0, 0, 0, 0, 0
out_008559+section2-0.jpg, 50, 11, 74, 27, 146, 53, 169, 66, 0, 0, 0, 0, 0, 0, 0, 0
out_008559+section26-0.jpg, 316, 60, 332, 69, 0, 0, 0, 0, 0, 0, 0, 0, 0, 0, 0, 0
out_008559+section27-0.jpg, 51, 90, 88, 99, 0, 0, 0, 0, 0, 0, 0, 0, 0, 0, 0, 0
out_008559+section31-0.jpg, 175, 26, 211, 45, 0, 0, 0, 0, 0, 0, 0, 0, 0, 0, 0, 0
out_008559+section32-0.jpg, 124, 52, 153, 66, 0, 0, 0, 0, 0, 0, 0, 0, 0, 0, 0, 0
out_008559+section7-0.jpg, 151, 111, 213, 129, 0, 0, 0, 0, 0, 0, 0, 0, 0, 0, 0, 0
out_008559+section8-0.jpg, 116, 108, 186, 125, 0, 0, 0, 0, 0, 0, 0, 0, 0, 0, 0, 0
out_008559+section9-0.jpg, 51, 95, 114, 111, 0, 0, 0, 0, 0, 0, 0, 0, 0, 0, 0, 0
out_008809+section0-0.jpg, 198, 142, 229, 156, 0, 0, 0, 0, 0, 0, 0, 0, 0, 0, 0, 0
out_008809+section14-2.jpg, 100, 40, 258, 107, 0, 0, 0, 0, 0, 0, 0, 0, 0, 0, 0, 0
out_008809+section16-1.jpg, 118, 48, 191, 76, 0, 0, 0, 0, 0, 0, 0, 0, 0, 0, 0, 0
out_008809+section17-0.jpg, 295, 84, 331, 95, 0, 0, 0, 0, 0, 0, 0, 0, 0, 0, 0, 0
out_008809+section19-0.jpg, 74, 23, 96, 29, 0, 0, 0, 0, 0, 0, 0, 0, 0, 0, 0, 0
out_008809+section28-1.jpg, 140, 165, 247, 205, 0, 0, 0, 0, 0, 0, 0, 0, 0, 0, 0, 0
out_008809+section32-0.jpg, 185, 218, 237, 226, 0, 0, 0, 0, 0, 0, 0, 0, 0, 0, 0, 0
out_008809+section3-2.jpg, 71, 166, 234, 216, 0, 0, 0, 0, 0, 0, 0, 0, 0, 0, 0, 0
out_008809+section33-1.jpg, 134, 4, 176, 16, 0, 0, 0, 0, 0, 0, 0, 0, 0, 0, 0, 0
out_008809+section34-0.jpg, 6, 183, 41, 199, 305, 181, 333, 194, 0, 0, 0, 0, 0, 0, 0, 0
out_010432+section0-0.jpg, 224, 107, 234, 113, 255, 127, 273, 135, 0, 0, 0, 0, 0, 0, 0, 0
out_010432+section1-0.jpg, 106, 197, 127, 216, 0, 0, 0, 0, 0, 0, 0, 0, 0, 0, 0, 0
out_010432+section12-2.jpg, 146, 191, 332, 225, 0, 0, 0, 0, 0, 0, 0, 0, 0, 0, 0, 0
out_010432+section12-3.jpg, 151, 3, 265, 32, 0, 0, 0, 0, 0, 0, 0, 0, 0, 0, 0, 0
out_010432+section14-1.jpg, 197, 183, 292, 225, 0, 0, 0, 0, 0, 0, 0, 0, 0, 0, 0, 0
out_010432+section21-1.jpg, 58, 54, 86, 93, 104, 27, 142, 88, 0, 0, 0, 0, 0, 0, 0, 0
out_010432+section23-2.jpg, 71, 4, 184, 105, 0, 0, 0, 0, 0, 0, 0, 0, 0, 0, 0, 0
out_010432+section25-3.jpg, 1, 173, 115, 225, 0, 0, 0, 0, 0, 0, 0, 0, 0, 0, 0, 0
out_010432+section25-4.jpg, 0, 2, 281, 127, 0, 0, 0, 0, 0, 0, 0, 0, 0, 0, 0, 0
out_010432+section36-0.jpg, 192, 177, 215, 186, 254, 140, 273, 147, 0, 0, 0, 0, 0, 0, 0, 0
out_010432+section4-2.jpg, 2, 185, 169, 226, 0, 0, 0, 0, 0, 0, 0, 0, 0, 0, 0, 0
out_010432+section6-2.jpg, 110, 54, 158, 91, 0, 0, 0, 0, 0, 0, 0, 0, 0, 0, 0, 0
out_011499+section0-1.jpg, 129, 36, 190, 52, 0, 0, 0, 0, 0, 0, 0, 0, 0, 0, 0, 0
out_011499+section13-2.jpg, 238, 3, 332, 69, 0, 0, 0, 0, 0, 0, 0, 0, 0, 0, 0, 0
out_011499+section14-2.jpg, 0, 27, 32, 82, 0, 0, 0, 0, 0, 0, 0, 0, 0, 0, 0, 0
out_011499+section18-0.jpg, 66, 146, 134, 165, 0, 0, 0, 0, 0, 0, 0, 0, 0, 0, 0, 0
out_011499+section19-0.jpg, 43, 11, 78, 20, 0, 0, 0, 0, 0, 0, 0, 0, 0, 0, 0, 0
out_011499+section20-0.jpg, 64, 60, 109, 75, 0, 0, 0, 0, 0, 0, 0, 0, 0, 0, 0, 0
out_011499+section34-3.jpg, 3, 24, 177, 62, 0, 0, 0, 0, 0, 0, 0, 0, 0, 0, 0, 0
out_011499+section36-0.jpg, 14, 116, 36, 123, 256, 149, 289, 157, 0, 0, 0, 0, 0, 0, 0, 0
out_012122+section10-3.jpg, 199, 5, 286, 81, 0, 0, 0, 0, 0, 0, 0, 0, 0, 0, 0, 0
out_012122+section1-0.jpg, 185, 194, 231, 208, 0, 0, 0, 0, 0, 0, 0, 0, 0, 0, 0, 0
out_012122+section18-0.jpg, 203, 56, 244, 67, 0, 0, 0, 0, 0, 0, 0, 0, 0, 0, 0, 0
out_012122+section20-0.jpg, 316, 90, 333, 104, 0, 0, 0, 0, 0, 0, 0, 0, 0, 0, 0, 0
out_012122+section21-0.jpg, 2, 91, 11, 103, 304, 75, 331, 87, 0, 0, 0, 0, 0, 0, 0, 0
out_012122+section3-1.jpg, 304, 142, 333, 167, 0, 0, 0, 0, 0, 0, 0, 0, 0, 0, 0, 0
out_012122+section36-0.jpg, 296, 123, 328, 133, 0, 0, 0, 0, 0, 0, 0, 0, 0, 0, 0, 0
out_012122+section4-1.jpg, 1, 140, 47, 165, 0, 0, 0, 0, 0, 0, 0, 0, 0, 0, 0, 0
out_012449+section0-0.jpg, 42, 183, 99, 199, 0, 0, 0, 0, 0, 0, 0, 0, 0, 0, 0, 0
out_012449+section14-0.jpg, 279, 159, 310, 175, 0, 0, 0, 0, 0, 0, 0, 0, 0, 0, 0, 0
out_012449+section19-1.jpg, 199, 7, 291, 30, 0, 0, 0, 0, 0, 0, 0, 0, 0, 0, 0, 0
out_012449+section21-0.jpg, 252, 99, 285, 115, 0, 0, 0, 0, 0, 0, 0, 0, 0, 0, 0, 0
out_012449+section22-1.jpg, 281, 41, 324, 60, 0, 0, 0, 0, 0, 0, 0, 0, 0, 0, 0, 0
out_012449+section25-1.jpg, 31, 210, 150, 225, 0, 0, 0, 0, 0, 0, 0, 0, 0, 0, 0, 0
out_012449+section25-2.jpg, 29, 4, 161, 25, 0, 0, 0, 0, 0, 0, 0, 0, 0, 0, 0, 0
out_012449+section35-0.jpg, 259, 107, 284, 117, 308, 125, 330, 136, 0, 0, 0, 0, 0, 0, 0, 0
out_012449+section36-0.jpg, 2, 126, 17, 138, 66, 120, 105, 137, 194, 162, 241, 177, 0, 0, 0, 0
out_012449+section4-0.jpg, 217, 183, 274, 201, 0, 0, 0, 0, 0, 0, 0, 0, 0, 0, 0, 0
out_012449+section5-0.jpg, 78, 131, 119, 148, 0, 0, 0, 0, 0, 0, 0, 0, 0, 0, 0, 0
out_012449+section5-1.jpg, 229, 10, 298, 26, 0, 0, 0, 0, 0, 0, 0, 0, 0, 0, 0, 0
out_012449+section8-1.jpg, 104, 28, 135, 53, 0, 0, 0, 0, 0, 0, 0, 0, 0, 0, 0, 0
out_012700+section0-0.jpg, 99, 128, 144, 140, 0, 0, 0, 0, 0, 0, 0, 0, 0, 0, 0, 0
out_012700+section1-1.jpg, 88, 89, 194, 118, 0, 0, 0, 0, 0, 0, 0, 0, 0, 0, 0, 0
out_012700+section16-1.jpg, 117, 60, 208, 87, 0, 0, 0, 0, 0, 0, 0, 0, 0, 0, 0, 0
out_012700+section17-0.jpg, 241, 33, 267, 41, 0, 0, 0, 0, 0, 0, 0, 0, 0, 0, 0, 0
out_012700+section18-0.jpg, 108, 61, 145, 73, 0, 0, 0, 0, 0, 0, 0, 0, 0, 0, 0, 0
out_012700+section35-1.jpg, 121, 173, 229, 200, 0, 0, 0, 0, 0, 0, 0, 0, 0, 0, 0, 0
out_012700+section36-0.jpg, 155, 141, 191, 156, 0, 0, 0, 0, 0, 0, 0, 0, 0, 0, 0, 0
out_012700+section36-1.jpg, 245, 103, 332, 129, 0, 0, 0, 0, 0, 0, 0, 0, 0, 0, 0, 0
out_012700+section5-0.jpg, 278, 69, 299, 82, 0, 0, 0, 0, 0, 0, 0, 0, 0, 0, 0, 0
out_012700+section6-0.jpg, 37, 60, 55, 73, 97, 62, 117, 72, 0, 0, 0, 0, 0, 0, 0, 0
out_012950+section0-0.jpg, 164, 78, 184, 85, 258, 78, 277, 87, 0, 0, 0, 0, 0, 0, 0, 0
out_012950+section18-0.jpg, 189, 126, 242, 145, 0, 0, 0, 0, 0, 0, 0, 0, 0, 0, 0, 0
out_012950+section35-0.jpg, 109, 128, 142, 144, 0, 0, 0, 0, 0, 0, 0, 0, 0, 0, 0, 0
out_012950+section36-1.jpg, 71, 63, 147, 85, 0, 0, 0, 0, 0, 0, 0, 0, 0, 0, 0, 0
out_013204+section10-5.jpg, 1, 37, 0, 0, 0, 0, 0, 0, 0, 0, 0, 0, 0, 0, 0, 0
out_013204+section16-1.jpg, 0, 0, 79, 124, 17, 175, 145, 223, 0, 0, 0, 0, 0, 0, 0, 0
out_013204+section30-4.jpg, 46, 69, 206, 226, 0, 0, 0, 0, 0, 0, 0, 0, 0, 0, 0, 0
out_013204+section9-5.jpg, 2, 3, 332, 112, 0, 0, 0, 0, 0, 0, 0, 0, 0, 0, 0, 0
out_013522+section12-0.jpg, 219, 73, 252, 84, 0, 0, 0, 0, 0, 0, 0, 0, 0, 0, 0, 0
out_013522+section14-0.jpg, 56, 126, 117, 143, 0, 0, 0, 0, 0, 0, 0, 0, 0, 0, 0, 0
out_013522+section19-1.jpg, 162, 79, 250, 106, 0, 0, 0, 0, 0, 0, 0, 0, 0, 0, 0, 0
out_013522+section21-1.jpg, 2, 205, 87, 224, 0, 0, 0, 0, 0, 0, 0, 0, 0, 0, 0, 0
out_013522+section22-0.jpg, 154, 29, 181, 37, 0, 0, 0, 0, 0, 0, 0, 0, 0, 0, 0, 0
out_013522+section23-0.jpg, 57, 77, 90, 89, 200, 109, 216, 121, 0, 0, 0, 0, 0, 0, 0, 0
out_013522+section24-1.jpg, 307, 50, 332, 73, 0, 0, 0, 0, 0, 0, 0, 0, 0, 0, 0, 0
out_013522+section25-1.jpg, 1, 52, 70, 69, 0, 0, 0, 0, 0, 0, 0, 0, 0, 0, 0, 0
out_013522+section27-2.jpg, 182, 133, 326, 194, 0, 0, 0, 0, 0, 0, 0, 0, 0, 0, 0, 0
out_013522+section3-0.jpg, 187, 93, 216, 100, 0, 0, 0, 0, 0, 0, 0, 0, 0, 0, 0, 0
out_013522+section7-0.jpg, 200, 98, 232, 111, 0, 0, 0, 0, 0, 0, 0, 0, 0, 0, 0, 0
out_013522+section8-0.jpg, 53, 102, 83, 112, 0, 0, 0, 0, 0, 0, 0, 0, 0, 0, 0, 0
out_013859+section11-0.jpg, 213, 72, 266, 89, 0, 0, 0, 0, 0, 0, 0, 0, 0, 0, 0, 0
out_013859+section12-0.jpg, 20, 109, 73, 131, 0, 0, 0, 0, 0, 0, 0, 0, 0, 0, 0, 0
out_013859+section14-0.jpg, 249, 49, 280, 63, 0, 0, 0, 0, 0, 0, 0, 0, 0, 0, 0, 0
out_013859+section19-0.jpg, 105, 57, 153, 72, 0, 0, 0, 0, 0, 0, 0, 0, 0, 0, 0, 0
out_013859+section20-0.jpg, 213, 31, 238, 39, 0, 0, 0, 0, 0, 0, 0, 0, 0, 0, 0, 0
out_013859+section21-0.jpg, 267, 34, 300, 45, 131, 24, 150, 35, 0, 0, 0, 0, 0, 0, 0, 0
out_013859+section22-0.jpg, 108, 55, 142, 67, 257, 50, 293, 61, 0, 0, 0, 0, 0, 0, 0, 0
out_013859+section24-0.jpg, 46, 58, 75, 70, 0, 0, 0, 0, 0, 0, 0, 0, 0, 0, 0, 0
out_013859+section31-3.jpg, 231, 119, 289, 177, 0, 0, 0, 0, 0, 0, 0, 0, 0, 0, 0, 0
out_013859+section35-1.jpg, 128, 26, 177, 39, 0, 0, 0, 0, 0, 0, 0, 0, 0, 0, 0, 0
out_014952+section20-0.jpg, 197, 139, 257, 163, 0, 0, 0, 0, 0, 0, 0, 0, 0, 0, 0, 0
out_014952+section27-1.jpg, 87, 194, 105, 225, 0, 0, 0, 0, 0, 0, 0, 0, 0, 0, 0, 0
out_014952+section30-1.jpg, 94, 120, 148, 143, 0, 0, 0, 0, 0, 0, 0, 0, 0, 0, 0, 0
out_014952+section32-1.jpg, 293, 55, 331, 73, 0, 0, 0, 0, 0, 0, 0, 0, 0, 0, 0, 0
out_014952+section33-1.jpg, 1, 56, 27, 74, 0, 0, 0, 0, 0, 0, 0, 0, 0, 0, 0, 0
out_016296+section18-0.jpg, 206, 7, 222, 11, 0, 0, 0, 0, 0, 0, 0, 0, 0, 0, 0, 0
out_016296+section19-0.jpg, 88, 108, 136, 126, 0, 0, 0, 0, 0, 0, 0, 0, 0, 0, 0, 0
out_016296+section8-0.jpg, 260, 107, 295, 122, 0, 0, 0, 0, 0, 0, 0, 0, 0, 0, 0, 0
out_016972+section0-0.jpg, 118, 67, 139, 74, 0, 0, 0, 0, 0, 0, 0, 0, 0, 0, 0, 0
out_016972+section17-0.jpg, 305, 42, 328, 53, 0, 0, 0, 0, 0, 0, 0, 0, 0, 0, 0, 0
out_016972+section27-1.jpg, 39, 16, 87, 28, 266, 20, 304, 30, 0, 0, 0, 0, 0, 0, 0, 0
out_016972+section29-1.jpg, 311, 186, 332, 203, 0, 0, 0, 0, 0, 0, 0, 0, 0, 0, 0, 0
out_016972+section30-1.jpg, 2, 186, 48, 201, 259, 135, 313, 145, 0, 0, 0, 0, 0, 0, 0, 0
out_016972+section31-1.jpg, 211, 135, 263, 149, 0, 0, 0, 0, 0, 0, 0, 0, 0, 0, 0, 0
out_016972+section3-1.jpg, 208, 202, 331, 225, 0, 0, 0, 0, 0, 0, 0, 0, 0, 0, 0, 0
out_016972+section3-2.jpg, 214, 3, 331, 27, 0, 0, 0, 0, 0, 0, 0, 0, 0, 0, 0, 0
out_016972+section4-1.jpg, 1, 197, 28, 224, 0, 0, 0, 0, 0, 0, 0, 0, 0, 0, 0, 0
out_017228+section13-0.jpg, 182, 107, 206, 124, 0, 0, 0, 0, 0, 0, 0, 0, 0, 0, 0, 0
out_017228+section14-0.jpg, 236, 76, 260, 91, 0, 0, 0, 0, 0, 0, 0, 0, 0, 0, 0, 0
out_017228+section15-0.jpg, 151, 63, 173, 75, 0, 0, 0, 0, 0, 0, 0, 0, 0, 0, 0, 0
out_017228+section19-0.jpg, 255, 16, 296, 26, 0, 0, 0, 0, 0, 0, 0, 0, 0, 0, 0, 0
out_017228+section21-1.jpg, 29, 134, 146, 164, 0, 0, 0, 0, 0, 0, 0, 0, 0, 0, 0, 0
out_017228+section24-2.jpg, 203, 167, 331, 224, 0, 0, 0, 0, 0, 0, 0, 0, 0, 0, 0, 0
out_017228+section35-1.jpg, 1, 97, 80, 122, 0, 0, 0, 0, 0, 0, 0, 0, 0, 0, 0, 0
out_017228+section6-0.jpg, 44, 142, 72, 156, 0, 0, 0, 0, 0, 0, 0, 0, 0, 0, 0, 0
out_017228+section7-0.jpg, 54, 93, 80, 103, 35, 153, 55, 162, 0, 0, 0, 0, 0, 0, 0, 0
out_017733+section0-0.jpg, 95, 79, 119, 87, 0, 0, 0, 0, 0, 0, 0, 0, 0, 0, 0, 0
out_017984+section0-0.jpg, 306, 89, 332, 101, 0, 0, 0, 0, 0, 0, 0, 0, 0, 0, 0, 0
out_017984+section25-4.jpg, 59, 3, 296, 48, 0, 0, 0, 0, 0, 0, 0, 0, 0, 0, 0, 0
out_018234+section18-0.jpg, 124, 46, 145, 54, 0, 0, 0, 0, 0, 0, 0, 0, 0, 0, 0, 0
out_018234+section31-4.jpg, 1, 55, 161, 199, 0, 0, 0, 0, 0, 0, 0, 0, 0, 0, 0, 0
out_018234+section35-0.jpg, 188, 80, 231, 95, 0, 0, 0, 0, 0, 0, 0, 0, 0, 0, 0, 0
out_018540+section13-1.jpg, 1, 88, 66, 110, 0, 0, 0, 0, 0, 0, 0, 0, 0, 0, 0, 0
out_018540+section16-0.jpg, 100, 142, 165, 163, 0, 0, 0, 0, 0, 0, 0, 0, 0, 0, 0, 0
out_018540+section26-1.jpg, 29, 81, 210, 119, 0, 0, 0, 0, 0, 0, 0, 0, 0, 0, 0, 0
out_018540+section33-1.jpg, 275, 118, 331, 148, 0, 0, 0, 0, 0, 0, 0, 0, 0, 0, 0, 0
out_018540+section34-1.jpg, 0, 120, 57, 155, 0, 0, 0, 0, 0, 0, 0, 0, 0, 0, 0, 0
out_018540+section35-0.jpg, 84, 148, 119, 161, 0, 0, 0, 0, 0, 0, 0, 0, 0, 0, 0, 0
out_018982+section19-0.jpg, 38, 17, 68, 26, 0, 0, 0, 0, 0, 0, 0, 0, 0, 0, 0, 0
out_020320+section0-0.jpg, 273, 127, 304, 136, 0, 0, 0, 0, 0, 0, 0, 0, 0, 0, 0, 0
out_020320+section19-1.jpg, 220, 40, 331, 65, 0, 0, 0, 0, 0, 0, 0, 0, 0, 0, 0, 0
out_020320+section2-0.jpg, 222, 150, 253, 168, 0, 0, 0, 0, 0, 0, 0, 0, 0, 0, 0, 0
out_021219+section0-1.jpg, 88, 1, 142, 13, 0, 0, 0, 0, 0, 0, 0, 0, 0, 0, 0, 0
out_021219+section0-0.jpg, 84, 219, 144, 226, 0, 0, 0, 0, 0, 0, 0, 0, 0, 0, 0, 0
out_021219+section0-1.jpg, 86, 2, 142, 14, 0, 0, 0, 0, 0, 0, 0, 0, 0, 0, 0, 0
out_021219+section1-0.jpg, 54, 115, 82, 124, 305, 152, 332, 164, 0, 0, 0, 0, 0, 0, 0, 0
out_021219+section12-1.jpg, 295, 153, 332, 191, 0, 0, 0, 0, 0, 0, 0, 0, 0, 0, 0, 0
out_021219+section13-1.jpg, 0, 163, 49, 206, 0, 0, 0, 0, 0, 0, 0, 0, 0, 0, 0, 0
out_021219+section15-0.jpg, 163, 182, 216, 198, 0, 0, 0, 0, 0, 0, 0, 0, 0, 0, 0, 0
out_021219+section16-0.jpg, 63, 129, 106, 142, 0, 0, 0, 0, 0, 0, 0, 0, 0, 0, 0, 0
out_021219+section17-0.jpg, 176, 48, 203, 55, 208, 130, 260, 142, 0, 0, 0, 0, 0, 0, 0, 0
out_021219+section2-0.jpg, 1, 146, 23, 161, 225, 182, 263, 195, 0, 0, 0, 0, 0, 0, 0, 0
out_021219+section4-1.jpg, 98, 52, 179, 85, 0, 0, 0, 0, 0, 0, 0, 0, 0, 0, 0, 0
out_021471+section14-1.jpg, 197, 131, 324, 173, 0, 0, 0, 0, 0, 0, 0, 0, 0, 0, 0, 0
out_021471+section17-0.jpg, 190, 67, 218, 74, 236, 32, 256, 36, 66, 30, 82, 34, 118, 47, 137, 50
out_021471+section18-0.jpg, 0, 45, 31, 55, 0, 0, 0, 0, 0, 0, 0, 0, 0, 0, 0, 0
out_021471+section29-0.jpg, 24, 101, 102, 123, 0, 0, 0, 0, 0, 0, 0, 0, 0, 0, 0, 0
out_021471+section3-1.jpg, 192, 42, 220, 65, 215, 7, 242, 21, 0, 0, 0, 0, 0, 0, 0, 0
out_021471+section6-3.jpg, 201, 136, 313, 223, 0, 0, 0, 0, 0, 0, 0, 0, 0, 0, 0, 0
out_021965+section36-1.jpg, 249, 100, 331, 118, 0, 0, 0, 0, 0, 0, 0, 0, 0, 0, 0, 0
out_022473+section0-0.jpg, 18, 146, 58, 156, 0, 0, 0, 0, 0, 0, 0, 0, 0, 0, 0, 0
out_022473+section15-0.jpg, 1, 188, 53, 208, 0, 0, 0, 0, 0, 0, 0, 0, 0, 0, 0, 0
out_022473+section16-0.jpg, 297, 79, 330, 88, 0, 0, 0, 0, 0, 0, 0, 0, 0, 0, 0, 0
out_022473+section17-0.jpg, 117, 45, 140, 50, 202, 26, 221, 33, 0, 0, 0, 0, 0, 0, 0, 0
out_022473+section3-0.jpg, 203, 179, 250, 193, 0, 0, 0, 0, 0, 0, 0, 0, 0, 0, 0, 0
out_022473+section3-1.jpg, 11, 120, 79, 146, 0, 0, 0, 0, 0, 0, 0, 0, 0, 0, 0, 0
out_022473+section6-0.jpg, 185, 136, 225, 153, 276, 129, 312, 140, 0, 0, 0, 0, 0, 0, 0, 0
out_022473+section7-0.jpg, 98, 214, 173, 225, 219, 109, 240, 120, 295, 111, 331, 122, 0, 0, 0, 0
out_022473+section7-1.jpg, 106, 3, 176, 10, 0, 0, 0, 0, 0, 0, 0, 0, 0, 0, 0, 0
out_022473+section8-0.jpg, 47, 139, 101, 154, 0, 0, 0, 0, 0, 0, 0, 0, 0, 0, 0, 0
out_022723+section13-3.jpg, 129, 26, 290, 128, 0, 0, 0, 0, 0, 0, 0, 0, 0, 0, 0, 0
out_022723+section16-1.jpg, 59, 189, 159, 222, 0, 0, 0, 0, 0, 0, 0, 0, 0, 0, 0, 0
out_022723+section18-0.jpg, 282, 76, 304, 91, 0, 0, 0, 0, 0, 0, 0, 0, 0, 0, 0, 0
out_022723+section19-0.jpg, 306, 93, 331, 110, 0, 0, 0, 0, 0, 0, 0, 0, 0, 0, 0, 0
out_022723+section19-1.jpg, 247, 162, 332, 200, 0, 0, 0, 0, 0, 0, 0, 0, 0, 0, 0, 0
out_022723+section20-2.jpg, 280, 192, 331, 224, 0, 0, 0, 0, 0, 0, 0, 0, 0, 0, 0, 0
out_022723+section21-2.jpg, 2, 199, 130, 226, 0, 0, 0, 0, 0, 0, 0, 0, 0, 0, 0, 0
out_022723+section21-3.jpg, 2, 2, 132, 27, 0, 0, 0, 0, 0, 0, 0, 0, 0, 0, 0, 0
out_022723+section23-4.jpg, 63, 140, 332, 205, 0, 0, 0, 0, 0, 0, 0, 0, 0, 0, 0, 0
out_022723+section24-4.jpg, 1, 144, 116, 206, 0, 0, 0, 0, 0, 0, 0, 0, 0, 0, 0, 0
out_022723+section28-0.jpg, 121, 182, 190, 199, 0, 0, 0, 0, 0, 0, 0, 0, 0, 0, 0, 0
out_022723+section30-5.jpg, 237, 165, 331, 225, 0, 0, 0, 0, 0, 0, 0, 0, 0, 0, 0, 0
out_022723+section30-6.jpg, 227, 3, 299, 45, 0, 0, 0, 0, 0, 0, 0, 0, 0, 0, 0, 0
out_022723+section31-5.jpg, 1, 63, 79, 189, 0, 0, 0, 0, 0, 0, 0, 0, 0, 0, 0, 0
out_022723+section34-0.jpg, 1, 188, 27, 204, 0, 0, 0, 0, 0, 0, 0, 0, 0, 0, 0, 0
out_022723+section35-0.jpg, 119, 166, 140, 180, 0, 0, 0, 0, 0, 0, 0, 0, 0, 0, 0, 0
out_022723+section5-3.jpg, 38, 172, 99, 204, 0, 0, 0, 0, 0, 0, 0, 0, 0, 0, 0, 0
out_023020+section1-0.jpg, 133, 55, 163, 64, 189, 52, 207, 58, 0, 0, 0, 0, 0, 0, 0, 0
out_023273+section16-1.jpg, 0, 0, 0, 0, 0, 0, 0, 0, 0, 0, 0, 0, 0, 0, 0, 0
out_023273+section16-0.jpg, 138, 186, 212, 205, 0, 0, 0, 0, 0, 0, 0, 0, 0, 0, 0, 0
out_023523+section16-1.jpg, 19, 39, 118, 65, 0, 0, 0, 0, 0, 0, 0, 0, 0, 0, 0, 0
out_023523+section7-0.jpg, 3, 159, 35, 178, 0, 0, 0, 0, 0, 0, 0, 0, 0, 0, 0, 0
out_023777+section17-0.jpg, 275, 58, 311, 70, 0, 0, 0, 0, 0, 0, 0, 0, 0, 0, 0, 0
out_023777+section36-0.jpg, 260, 49, 271, 52, 0, 0, 0, 0, 0, 0, 0, 0, 0, 0, 0, 0
out_023777+section5-3.jpg, 229, 99, 331, 153, 0, 0, 0, 0, 0, 0, 0, 0, 0, 0, 0, 0
out_025045+section0-0.jpg, 311, 82, 330, 94, 0, 0, 0, 0, 0, 0, 0, 0, 0, 0, 0, 0
out_025045+section1-0.jpg, 1, 85, 10, 95, 0, 0, 0, 0, 0, 0, 0, 0, 0, 0, 0, 0
out_025045+section19-0.jpg, 278, 140, 316, 154, 0, 0, 0, 0, 0, 0, 0, 0, 0, 0, 0, 0
out_025045+section20-0.jpg, 212, 216, 307, 227, 0, 0, 0, 0, 0, 0, 0, 0, 0, 0, 0, 0
out_025045+section20-1.jpg, 215, 3, 305, 18, 0, 0, 0, 0, 0, 0, 0, 0, 0, 0, 0, 0
out_025045+section3-1.jpg, 234, 34, 324, 61, 0, 0, 0, 0, 0, 0, 0, 0, 0, 0, 0, 0
out_025045+section36-0.jpg, 50, 92, 88, 107, 0, 0, 0, 0, 0, 0, 0, 0, 0, 0, 0, 0
out_026035+section0-0.jpg, 113, 33, 141, 42, 0, 0, 0, 0, 0, 0, 0, 0, 0, 0, 0, 0
out_026035+section22-0.jpg, 91, 128, 142, 145, 0, 0, 0, 0, 0, 0, 0, 0, 0, 0, 0, 0
out_026035+section23-0.jpg, 181, 69, 215, 85, 0, 0, 0, 0, 0, 0, 0, 0, 0, 0, 0, 0
out_026035+section24-0.jpg, 122, 26, 145, 36, 207, 14, 229, 22, 0, 0, 0, 0, 0, 0, 0, 0
out_026035+section35-0.jpg, 226, 78, 267, 91, 0, 0, 0, 0, 0, 0, 0, 0, 0, 0, 0, 0
out_026035+section36-0.jpg, 28, 25, 55, 42, 0, 0, 0, 0, 0, 0, 0, 0, 0, 0, 0, 0
out_026035+section9-0.jpg, 2, 163, 49, 187, 0, 0, 0, 0, 0, 0, 0, 0, 0, 0, 0, 0
out_026373+section20-0.jpg, 178, 33, 206, 42, 0, 0, 0, 0, 0, 0, 0, 0, 0, 0, 0, 0
out_027055+section2-0.jpg, 144, 50, 166, 58, 0, 0, 0, 0, 0, 0, 0, 0, 0, 0, 0, 0
out_027055+section21-0.jpg, 240, 55, 265, 65, 0, 0, 0, 0, 0, 0, 0, 0, 0, 0, 0, 0
out_027055+section23-0.jpg, 95, 92, 126, 106, 0, 0, 0, 0, 0, 0, 0, 0, 0, 0, 0, 0
out_027055+section25-0.jpg, 91, 131, 122, 143, 0, 0, 0, 0, 0, 0, 0, 0, 0, 0, 0, 0
out_027520+section10-0.jpg, 2, 197, 27, 225, 0, 0, 0, 0, 0, 0, 0, 0, 0, 0, 0, 0
out_027520+section11-1.jpg, 57, 23, 158, 59, 0, 0, 0, 0, 0, 0, 0, 0, 0, 0, 0, 0
out_027520+section15-1.jpg, 88, 111, 239, 150, 0, 0, 0, 0, 0, 0, 0, 0, 0, 0, 0, 0
out_027520+section17-1.jpg, 94, 90, 211, 118, 0, 0, 0, 0, 0, 0, 0, 0, 0, 0, 0, 0
out_027520+section20-0.jpg, 106, 173, 159, 211, 0, 0, 0, 0, 0, 0, 0, 0, 0, 0, 0, 0
out_027520+section21-0.jpg, 196, 121, 223, 139, 0, 0, 0, 0, 0, 0, 0, 0, 0, 0, 0, 0
out_027520+section22-0.jpg, 89, 93, 105, 108, 0, 0, 0, 0, 0, 0, 0, 0, 0, 0, 0, 0
out_027520+section32-1.jpg, 84, 173, 147, 203, 0, 0, 0, 0, 0, 0, 0, 0, 0, 0, 0, 0
out_027520+section33-1.jpg, 15, 96, 38, 130, 0, 0, 0, 0, 0, 0, 0, 0, 0, 0, 0, 0
out_027520+section36-1.jpg, 233, 5, 269, 29, 0, 0, 0, 0, 0, 0, 0, 0, 0, 0, 0, 0
out_027520+section9-0.jpg, 62, 133, 106, 157, 288, 191, 333, 219, 0, 0, 0, 0, 0, 0, 0, 0
out_028384+section1-0.jpg, 249, 217, 298, 225, 0, 0, 0, 0, 0, 0, 0, 0, 0, 0, 0, 0
out_028384+section1-1.jpg, 243, 0, 301, 8, 0, 0, 0, 0, 0, 0, 0, 0, 0, 0, 0, 0
out_028384+section14-2.jpg, 65, 4, 237, 46, 0, 0, 0, 0, 0, 0, 0, 0, 0, 0, 0, 0
out_028384+section15-0.jpg, 295, 140, 331, 157, 0, 0, 0, 0, 0, 0, 0, 0, 0, 0, 0, 0
out_028384+section16-0.jpg, 1, 139, 30, 155, 0, 0, 0, 0, 0, 0, 0, 0, 0, 0, 0, 0
out_028384+section3-3.jpg, 95, 12, 282, 63, 0, 0, 0, 0, 0, 0, 0, 0, 0, 0, 0, 0
out_030117+section18-0.jpg, 85, 48, 112, 58, 0, 0, 0, 0, 0, 0, 0, 0, 0, 0, 0, 0
out_030117+section36-1.jpg, 87, 20, 160, 47, 0, 0, 0, 0, 0, 0, 0, 0, 0, 0, 0, 0
out_030700+section19-0.jpg, 40, 144, 91, 161, 0, 0, 0, 0, 0, 0, 0, 0, 0, 0, 0, 0
out_030700+section36-0.jpg, 194, 128, 217, 135, 0, 0, 0, 0, 0, 0, 0, 0, 0, 0, 0, 0
out_032227+section15-0.jpg, 304, 219, 332, 226, 0, 0, 0, 0, 0, 0, 0, 0, 0, 0, 0, 0
out_032227+section15-1.jpg, 0, 0, 0, 0, 0, 0, 0, 0, 0, 0, 0, 0, 0, 0, 0, 0
out_032227+section17-0.jpg, 274, 131, 294, 139, 0, 0, 0, 0, 0, 0, 0, 0, 0, 0, 0, 0
out_034435+section10-3.jpg, 126, 136, 330, 185, 0, 0, 0, 0, 0, 0, 0, 0, 0, 0, 0, 0
out_034435+section11-3.jpg, 2, 134, 79, 179, 0, 0, 0, 0, 0, 0, 0, 0, 0, 0, 0, 0
out_034435+section13-2.jpg, 231, 96, 331, 145, 0, 0, 0, 0, 0, 0, 0, 0, 0, 0, 0, 0
out_034435+section14-2.jpg, 0, 77, 75, 136, 0, 0, 0, 0, 0, 0, 0, 0, 0, 0, 0, 0
out_034435+section15-1.jpg, 43, 146, 160, 190, 0, 0, 0, 0, 0, 0, 0, 0, 0, 0, 0, 0
out_034435+section16-1.jpg, 70, 67, 146, 96, 0, 0, 0, 0, 0, 0, 0, 0, 0, 0, 0, 0
out_034435+section17-1.jpg, 284, 47, 331, 78, 0, 0, 0, 0, 0, 0, 0, 0, 0, 0, 0, 0
out_034435+section18-1.jpg, 2, 49, 61, 77, 0, 0, 0, 0, 0, 0, 0, 0, 0, 0, 0, 0
out_034435+section30-3.jpg, 210, 200, 322, 224, 0, 0, 0, 0, 0, 0, 0, 0, 0, 0, 0, 0
out_034435+section30-4.jpg, 140, 4, 331, 108, 0, 0, 0, 0, 0, 0, 0, 0, 0, 0, 0, 0
out_034778+section0-0.jpg, 188, 85, 223, 95, 0, 0, 0, 0, 0, 0, 0, 0, 0, 0, 0, 0
out_034778+section1-0.jpg, 209, 106, 252, 122, 0, 0, 0, 0, 0, 0, 0, 0, 0, 0, 0, 0
out_034778+section15-0.jpg, 6, 160, 63, 180, 0, 0, 0, 0, 0, 0, 0, 0, 0, 0, 0, 0
out_034778+section17-2.jpg, 200, 1, 332, 36, 0, 0, 0, 0, 0, 0, 0, 0, 0, 0, 0, 0
out_034778+section18-2.jpg, 1, 4, 40, 38, 0, 0, 0, 0, 0, 0, 0, 0, 0, 0, 0, 0
out_034778+section21-0.jpg, 72, 183, 104, 213, 0, 0, 0, 0, 0, 0, 0, 0, 0, 0, 0, 0
out_034778+section22-0.jpg, 271, 171, 323, 200, 0, 0, 0, 0, 0, 0, 0, 0, 0, 0, 0, 0
out_034778+section23-0.jpg, 309, 132, 331, 147, 0, 0, 0, 0, 0, 0, 0, 0, 0, 0, 0, 0
out_034778+section24-0.jpg, 2, 134, 19, 153, 0, 0, 0, 0, 0, 0, 0, 0, 0, 0, 0, 0
out_034778+section25-0.jpg, 169, 83, 197, 97, 0, 0, 0, 0, 0, 0, 0, 0, 0, 0, 0, 0
out_034778+section26-0.jpg, 130, 44, 156, 53, 0, 0, 0, 0, 0, 0, 0, 0, 0, 0, 0, 0
out_034778+section3-2.jpg, 267, 24, 330, 73, 0, 0, 0, 0, 0, 0, 0, 0, 0, 0, 0, 0
out_034778+section34-0.jpg, 1, 202, 26, 220, 0, 0, 0, 0, 0, 0, 0, 0, 0, 0, 0, 0
out_034778+section4-1.jpg, 262, 5, 330, 42, 0, 0, 0, 0, 0, 0, 0, 0, 0, 0, 0, 0
out_034778+section4-2.jpg, 2, 4, 94, 61, 0, 0, 0, 0, 0, 0, 0, 0, 0, 0, 0, 0
out_035318+section15-1.jpg, 31, 191, 205, 225, 0, 0, 0, 0, 0, 0, 0, 0, 0, 0, 0, 0
out_035318+section18-0.jpg, 183, 209, 237, 225, 0, 0, 0, 0, 0, 0, 0, 0, 0, 0, 0, 0
out_035318+section18-1.jpg, 71, 99, 148, 124, 0, 0, 0, 0, 0, 0, 0, 0, 0, 0, 0, 0
out_035318+section19-0.jpg, 3, 200, 55, 221, 251, 154, 280, 169, 0, 0, 0, 0, 0, 0, 0, 0
out_035318+section21-1.jpg, 66, 26, 108, 53, 129, 96, 186, 128, 0, 0, 0, 0, 0, 0, 0, 0
out_035318+section3-1.jpg, 237, 53, 330, 89, 0, 0, 0, 0, 0, 0, 0, 0, 0, 0, 0, 0
out_035318+section32-1.jpg, 75, 177, 164, 213, 0, 0, 0, 0, 0, 0, 0, 0, 0, 0, 0, 0
out_036321+section16-1.jpg, 103, 134, 216, 170, 0, 0, 0, 0, 0, 0, 0, 0, 0, 0, 0, 0
out_036321+section18-0.jpg, 161, 96, 206, 110, 0, 0, 0, 0, 0, 0, 0, 0, 0, 0, 0, 0
out_036321+section19-0.jpg, 63, 117, 122, 133, 244, 55, 265, 60, 295, 85, 317, 95, 0, 0, 0, 0
out_036321+section20-0.jpg, 1, 136, 24, 151, 114, 131, 150, 150, 184, 169, 230, 193, 0, 0, 0, 0
out_036321+section20-1.jpg, 297, 2, 331, 25, 0, 0, 0, 0, 0, 0, 0, 0, 0, 0, 0, 0
out_036321+section21-1.jpg, 2, 5, 27, 27, 36, 156, 143, 200, 0, 0, 0, 0, 0, 0, 0, 0
out_036321+section24-3.jpg, 194, 101, 331, 166, 0, 0, 0, 0, 0, 0, 0, 0, 0, 0, 0, 0
out_036321+section25-3.jpg, 0, 117, 172, 175, 0, 0, 0, 0, 0, 0, 0, 0, 0, 0, 0, 0
out_036321+section29-4.jpg, 245, 47, 330, 139, 0, 0, 0, 0, 0, 0, 0, 0, 0, 0, 0, 0
out_036321+section30-3.jpg, 30, 179, 166, 226, 0, 0, 0, 0, 0, 0, 0, 0, 0, 0, 0, 0
out_036321+section30-4.jpg, 1, 3, 164, 105, 0, 0, 0, 0, 0, 0, 0, 0, 0, 0, 0, 0
out_036714+section0-0.jpg, 224, 97, 257, 109, 0, 0, 0, 0, 0, 0, 0, 0, 0, 0, 0, 0
out_036714+section1-0.jpg, 29, 158, 74, 171, 0, 0, 0, 0, 0, 0, 0, 0, 0, 0, 0, 0
out_036714+section13-2.jpg, 35, 42, 138, 96, 0, 0, 0, 0, 0, 0, 0, 0, 0, 0, 0, 0
out_036714+section2-1.jpg, 21, 2, 92, 27, 0, 0, 0, 0, 0, 0, 0, 0, 0, 0, 0, 0
out_036714+section22-4.jpg, 139, 31, 330, 160, 0, 0, 0, 0, 0, 0, 0, 0, 0, 0, 0, 0
out_036714+section26-5.jpg, 253, 32, 330, 96, 0, 0, 0, 0, 0, 0, 0, 0, 0, 0, 0, 0
out_036714+section27-5.jpg, 1, 44, 294, 105, 0, 0, 0, 0, 0, 0, 0, 0, 0, 0, 0, 0
out_036714+section33-2.jpg, 295, 154, 332, 220, 0, 0, 0, 0, 0, 0, 0, 0, 0, 0, 0, 0
out_036714+section34-2.jpg, 4, 154, 54, 207, 0, 0, 0, 0, 0, 0, 0, 0, 0, 0, 0, 0
out_036714+section35-1.jpg, 28, 158, 76, 198, 0, 0, 0, 0, 0, 0, 0, 0, 0, 0, 0, 0
out_036971+section19-1.jpg, 3, 70, 85, 92, 287, 63, 331, 86, 0, 0, 0, 0, 0, 0, 0, 0
out_036971+section20-1.jpg, 1, 59, 33, 88, 0, 0, 0, 0, 0, 0, 0, 0, 0, 0, 0, 0
out_036971+section21-0.jpg, 0, 182, 33, 203, 127, 140, 163, 158, 282, 142, 304, 163, 0, 0, 0, 0
out_036971+section22-0.jpg, 61, 84, 84, 102, 164, 48, 185, 54, 189, 38, 204, 46, 0, 0, 0, 0
out_036971+section23-0.jpg, 202, 94, 249, 102, 0, 0, 0, 0, 0, 0, 0, 0, 0, 0, 0, 0
out_036971+section33-0.jpg, 77, 168, 133, 189, 0, 0, 0, 0, 0, 0, 0, 0, 0, 0, 0, 0
out_036971+section5-0.jpg, 154, 86, 176, 105, 262, 81, 295, 91, 0, 0, 0, 0, 0, 0, 0, 0
out_038599+section0-0.jpg, 239, 89, 274, 95, 0, 0, 0, 0, 0, 0, 0, 0, 0, 0, 0, 0
out_038599+section1-1.jpg, 75, 5, 151, 30, 0, 0, 0, 0, 0, 0, 0, 0, 0, 0, 0, 0
out_038599+section18-0.jpg, 140, 21, 161, 29, 0, 0, 0, 0, 0, 0, 0, 0, 0, 0, 0, 0
out_038599+section23-2.jpg, 150, 59, 308, 129, 0, 0, 0, 0, 0, 0, 0, 0, 0, 0, 0, 0
out_038868+section0-1.jpg, 85, 86, 172, 111, 0, 0, 0, 0, 0, 0, 0, 0, 0, 0, 0, 0
out_038868+section20-0.jpg, 74, 189, 129, 209, 0, 0, 0, 0, 0, 0, 0, 0, 0, 0, 0, 0
out_039208+section0-0.jpg, 73, 74, 96, 84, 0, 0, 0, 0, 0, 0, 0, 0, 0, 0, 0, 0
out_039208+section19-0.jpg, 3, 80, 43, 90, 0, 0, 0, 0, 0, 0, 0, 0, 0, 0, 0, 0
out_039208+section36-0.jpg, 127, 126, 162, 141, 0, 0, 0, 0, 0, 0, 0, 0, 0, 0, 0, 0
out_039702+section18-0.jpg, 92, 102, 129, 116, 0, 0, 0, 0, 0, 0, 0, 0, 0, 0, 0, 0
out_039702+section28-4.jpg, 101, 23, 162, 178, 0, 0, 0, 0, 0, 0, 0, 0, 0, 0, 0, 0
out_040206+section0-0.jpg, 20, 168, 66, 186, 222, 129, 259, 140, 0, 0, 0, 0, 0, 0, 0, 0
out_040206+section17-0.jpg, 101, 74, 133, 86, 0, 0, 0, 0, 0, 0, 0, 0, 0, 0, 0, 0
out_047717+section20-1.jpg, 297, 161, 330, 199, 0, 0, 0, 0, 0, 0, 0, 0, 0, 0, 0, 0
out_047717+section21-1.jpg, 1, 167, 107, 205, 0, 0, 0, 0, 0, 0, 0, 0, 0, 0, 0, 0
out_047717+section2-1.jpg, 275, 166, 327, 208, 0, 0, 0, 0, 0, 0, 0, 0, 0, 0, 0, 0
out_047717+section32-1.jpg, 94, 95, 181, 120, 0, 0, 0, 0, 0, 0, 0, 0, 0, 0, 0, 0
out_047717+section33-1.jpg, 140, 17, 172, 34, 0, 0, 0, 0, 0, 0, 0, 0, 0, 0, 0, 0
out_047717+section36-1.jpg, 65, 68, 114, 84, 0, 0, 0, 0, 0, 0, 0, 0, 0, 0, 0, 0
out_047717+section5-1.jpg, 227, 99, 301, 125, 0, 0, 0, 0, 0, 0, 0, 0, 0, 0, 0, 0
out_047717+section7-0.jpg, 12, 59, 40, 69, 0, 0, 0, 0, 0, 0, 0, 0, 0, 0, 0, 0
out_047717+section8-0.jpg, 2, 45, 37, 59, 0, 0, 0, 0, 0, 0, 0, 0, 0, 0, 0, 0
out_048093+section15-1.jpg, 80, 179, 235, 225, 0, 0, 0, 0, 0, 0, 0, 0, 0, 0, 0, 0
out_048093+section17-0.jpg, 115, 142, 155, 158, 0, 0, 0, 0, 0, 0, 0, 0, 0, 0, 0, 0
out_048093+section18-0.jpg, 152, 36, 169, 45, 0, 0, 0, 0, 0, 0, 0, 0, 0, 0, 0, 0
out_048093+section19-0.jpg, 180, 152, 240, 171, 0, 0, 0, 0, 0, 0, 0, 0, 0, 0, 0, 0
out_048093+section2-1.jpg, 1, 185, 97, 212, 0, 0, 0, 0, 0, 0, 0, 0, 0, 0, 0, 0
out_048093+section22-2.jpg, 39, 97, 205, 150, 0, 0, 0, 0, 0, 0, 0, 0, 0, 0, 0, 0
out_048093+section33-2.jpg, 2, 179, 135, 226, 0, 0, 0, 0, 0, 0, 0, 0, 0, 0, 0, 0
out_048093+section35-1.jpg, 61, 66, 135, 84, 0, 0, 0, 0, 0, 0, 0, 0, 0, 0, 0, 0
out_048093+section6-3.jpg, 233, 187, 329, 224, 0, 0, 0, 0, 0, 0, 0, 0, 0, 0, 0, 0
out_048093+section6-4.jpg, 251, 0, 332, 84, 0, 0, 0, 0, 0, 0, 0, 0, 0, 0, 0, 0
out_048093+section7-3.jpg, 1, 135, 54, 221, 0, 0, 0, 0, 0, 0, 0, 0, 0, 0, 0, 0
out_048607+section0-0.jpg, 286, 105, 328, 120, 0, 0, 0, 0, 0, 0, 0, 0, 0, 0, 0, 0
out_048607+section2-2.jpg, 0, 2, 101, 29, 0, 0, 0, 0, 0, 0, 0, 0, 0, 0, 0, 0
out_048860+section0-0.jpg, 109, 72, 139, 82, 0, 0, 0, 0, 0, 0, 0, 0, 0, 0, 0, 0
out_048860+section17-0.jpg, 304, 61, 331, 77, 0, 0, 0, 0, 0, 0, 0, 0, 0, 0, 0, 0
out_048860+section18-0.jpg, 125, 7, 147, 20, 0, 0, 0, 0, 0, 0, 0, 0, 0, 0, 0, 0
out_048860+section9-1.jpg, 4, 103, 102, 137, 0, 0, 0, 0, 0, 0, 0, 0, 0, 0, 0, 0
out_049181+section0-0.jpg, 54, 93, 75, 99, 0, 0, 0, 0, 0, 0, 0, 0, 0, 0, 0, 0
out_049181+section36-0.jpg, 121, 158, 160, 173, 0, 0, 0, 0, 0, 0, 0, 0, 0, 0, 0, 0
out_051219+section0-0.jpg, 2, 106, 34, 120, 0, 0, 0, 0, 0, 0, 0, 0, 0, 0, 0, 0
out_051219+section14-0.jpg, 256, 27, 278, 39, 0, 0, 0, 0, 0, 0, 0, 0, 0, 0, 0, 0
out_051219+section18-0.jpg, 111, 91, 152, 107, 0, 0, 0, 0, 0, 0, 0, 0, 0, 0, 0, 0
out_051708+section0-0.jpg, 1, 148, 34, 162, 253, 153, 301, 168, 0, 0, 0, 0, 0, 0, 0, 0
out_051708+section10-0.jpg, 246, 213, 313, 226, 0, 0, 0, 0, 0, 0, 0, 0, 0, 0, 0, 0
out_051708+section10-1.jpg, 252, 4, 316, 14, 0, 0, 0, 0, 0, 0, 0, 0, 0, 0, 0, 0
out_051708+section11-0.jpg, 215, 117, 254, 125, 0, 0, 0, 0, 0, 0, 0, 0, 0, 0, 0, 0
out_051708+section12-0.jpg, 137, 154, 187, 170, 0, 0, 0, 0, 0, 0, 0, 0, 0, 0, 0, 0
out_051708+section17-0.jpg, 2, 137, 31, 147, 85, 172, 141, 189, 0, 0, 0, 0, 0, 0, 0, 0
out_051708+section18-0.jpg, 114, 115, 150, 124, 0, 0, 0, 0, 0, 0, 0, 0, 0, 0, 0, 0
out_051708+section25-0.jpg, 222, 144, 278, 196, 181, 55, 213, 69, 0, 0, 0, 0, 0, 0, 0, 0
out_051708+section9-0.jpg, 196, 125, 241, 138, 0, 0, 0, 0, 0, 0, 0, 0, 0, 0, 0, 0
out_052147+section12-3.jpg, 83, 192, 330, 225, 0, 0, 0, 0, 0, 0, 0, 0, 0, 0, 0, 0
out_052147+section12-4.jpg, 79, 1, 332, 27, 0, 0, 0, 0, 0, 0, 0, 0, 0, 0, 0, 0
out_052147+section13-3.jpg, 2, 191, 88, 226, 0, 0, 0, 0, 0, 0, 0, 0, 0, 0, 0, 0
out_052147+section13-4.jpg, 2, 2, 88, 34, 0, 0, 0, 0, 0, 0, 0, 0, 0, 0, 0, 0
out_052147+section15-2.jpg, 8, 8, 197, 53, 0, 0, 0, 0, 0, 0, 0, 0, 0, 0, 0, 0
out_052147+section16-1.jpg, 162, 86, 281, 133, 0, 0, 0, 0, 0, 0, 0, 0, 0, 0, 0, 0
out_052147+section17-0.jpg, 58, 212, 125, 227, 134, 160, 168, 178, 193, 171, 231, 180, 286, 95, 312, 103
out_052147+section17-1.jpg, 62, 2, 125, 14, 0, 0, 0, 0, 0, 0, 0, 0, 0, 0, 0, 0
out_052147+section18-0.jpg, 294, 58, 318, 68, 0, 0, 0, 0, 0, 0, 0, 0, 0, 0, 0, 0
out_052147+section19-0.jpg, 26, 89, 56, 102, 64, 185, 121, 210, 0, 0, 0, 0, 0, 0, 0, 0
out_052147+section6-4.jpg, 91, 5, 260, 207, 0, 0, 0, 0, 0, 0, 0, 0, 0, 0, 0, 0
out_052888+section11-4.jpg, 193, 192, 329, 224, 0, 0, 0, 0, 0, 0, 0, 0, 0, 0, 0, 0
out_052888+section11-5.jpg, 200, 4, 331, 41, 0, 0, 0, 0, 0, 0, 0, 0, 0, 0, 0, 0
out_052888+section12-5.jpg, 2, 0, 209, 60, 0, 0, 0, 0, 0, 0, 0, 0, 0, 0, 0, 0
out_052888+section15-2.jpg, 166, 93, 331, 141, 0, 0, 0, 0, 0, 0, 0, 0, 0, 0, 0, 0
out_052888+section16-2.jpg, 2, 74, 37, 130, 0, 0, 0, 0, 0, 0, 0, 0, 0, 0, 0, 0
out_052888+section17-0.jpg, 146, 135, 204, 157, 254, 113, 291, 124, 298, 91, 326, 101, 0, 0, 0, 0
out_052888+section19-0.jpg, 2, 77, 43, 87, 0, 0, 0, 0, 0, 0, 0, 0, 0, 0, 0, 0
out_052888+section19-1.jpg, 200, 1, 287, 27, 0, 0, 0, 0, 0, 0, 0, 0, 0, 0, 0, 0
out_052888+section23-4.jpg, 253, 6, 331, 86, 0, 0, 0, 0, 0, 0, 0, 0, 0, 0, 0, 0
out_052888+section24-3.jpg, 1, 154, 143, 220, 0, 0, 0, 0, 0, 0, 0, 0, 0, 0, 0, 0
out_052888+section24-5.jpg, 0, 0, 0, 0, 0, 0, 0, 0, 0, 0, 0, 0, 0, 0, 0, 0
out_052888+section24-4.jpg, 2, 3, 110, 38, 0, 0, 0, 0, 0, 0, 0, 0, 0, 0, 0, 0
out_052888+section32-4.jpg, 3, 10, 175, 117, 0, 0, 0, 0, 0, 0, 0, 0, 0, 0, 0, 0
out_052888+section36-0.jpg, 211, 120, 242, 128, 0, 0, 0, 0, 0, 0, 0, 0, 0, 0, 0, 0
out_052888+section5-4.jpg, 0, 70, 58, 201, 0, 0, 0, 0, 0, 0, 0, 0, 0, 0, 0, 0
out_053248+section0-0.jpg, 171, 116, 208, 137, 100, 90, 114, 98, 0, 0, 0, 0, 0, 0, 0, 0
out_053248+section1-1.jpg, 52, 3, 119, 25, 0, 0, 0, 0, 0, 0, 0, 0, 0, 0, 0, 0
out_053248+section16-1.jpg, 173, 68, 274, 96, 0, 0, 0, 0, 0, 0, 0, 0, 0, 0, 0, 0
out_053248+section17-0.jpg, 34, 50, 57, 59, 289, 54, 312, 64, 0, 0, 0, 0, 0, 0, 0, 0
out_053248+section33-2.jpg, 234, 63, 331, 103, 0, 0, 0, 0, 0, 0, 0, 0, 0, 0, 0, 0
out_053248+section34-2.jpg, 1, 76, 34, 108, 0, 0, 0, 0, 0, 0, 0, 0, 0, 0, 0, 0
out_053248+section35-0.jpg, 249, 198, 306, 213, 0, 0, 0, 0, 0, 0, 0, 0, 0, 0, 0, 0
out_002742+section19-0.jpg, 100, 94, 146, 109, 0, 0, 0, 0, 0, 0, 0, 0, 0, 0, 0, 0
out_002742+section20-0.jpg, 0, 227, 69, 215, 0, 0, 0, 0, 0, 0, 0, 0, 0, 0, 0, 0
out_002742+section20-1.jpg, 0, 1, 71, 10, 0, 0, 0, 0, 0, 0, 0, 0, 0, 0, 0, 0
out_002742+section33-2.jpg, 301, 90, 332, 114, 0, 0, 0, 0, 0, 0, 0, 0, 0, 0, 0, 0
out_002742+section34-2.jpg, 0, 93, 73, 123, 0, 0, 0, 0, 0, 0, 0, 0, 0, 0, 0, 0
out_002742+section36-1.jpg, 0, 0, 16, 15, 0, 0, 0, 0, 0, 0, 0, 0, 0, 0, 0, 0
out_003499+section18-0.jpg, 52, 108, 82, 122, 0, 0, 0, 0, 0, 0, 0, 0, 0, 0, 0, 0
out_003768+section0-0.jpg, 0, 106, 36, 114, 0, 0, 0, 0, 0, 0, 0, 0, 0, 0, 0, 0
out_003768+section33-0.jpg, 85, 113, 114, 130, 0, 0, 0, 0, 0, 0, 0, 0, 0, 0, 0, 0
out_003768+section34-0.jpg, 0, 165, 52, 178, 0, 0, 0, 0, 0, 0, 0, 0, 0, 0, 0, 0
out_005416+section1-1.jpg, 231, 67, 269, 106, 0, 0, 0, 0, 0, 0, 0, 0, 0, 0, 0, 0
out_005416+section10-4.jpg, 228, 86, 332, 138, 0, 0, 0, 0, 0, 0, 0, 0, 0, 0, 0, 0
out_005416+section11-4.jpg, 0, 66, 197, 118, 0, 0, 0, 0, 0, 0, 0, 0, 0, 0, 0, 0
out_005416+section14-3.jpg, 66, 11, 218, 83, 0, 0, 0, 0, 0, 0, 0, 0, 0, 0, 0, 0
out_005416+section17-1.jpg, 182, 22, 205, 37, 0, 0, 0, 0, 0, 0, 0, 0, 0, 0, 0, 0
out_005416+section19-0.jpg, 290, 164, 332, 184, 0, 0, 0, 0, 0, 0, 0, 0, 0, 0, 0, 0
out_005416+section20-1.jpg, 229, 163, 332, 195, 0, 0, 0, 0, 0, 0, 0, 0, 0, 0, 0, 0
out_005416+section31-4.jpg, 281, 161, 332, 215, 0, 0, 0, 0, 0, 0, 0, 0, 0, 0, 0, 0
out_005416+section32-4.jpg, 0, 77, 83, 188, 0, 0, 0, 0, 0, 0, 0, 0, 0, 0, 0, 0
out_005416+section5-4.jpg, 123, 98, 332, 202, 0, 0, 0, 0, 0, 0, 0, 0, 0, 0, 0, 0
out_005416+section6-4.jpg, 0, 162, 68, 217, 0, 0, 0, 0, 0, 0, 0, 0, 0, 0, 0, 0
out_005416+section9-0.jpg, 0, 146, 40, 161, 0, 0, 0, 0, 0, 0, 0, 0, 0, 0, 0, 0
out_006069+section1-1.jpg, 41, 86, 124, 106, 0, 0, 0, 0, 0, 0, 0, 0, 0, 0, 0, 0
out_006069+section16-0.jpg, 11, 139, 55, 159, 0, 0, 0, 0, 0, 0, 0, 0, 0, 0, 0, 0
out_006069+section3-0.jpg, 277, 194, 332, 218, 0, 0, 0, 0, 0, 0, 0, 0, 0, 0, 0, 0
out_006069+section6-0.jpg, 139, 164, 192, 181, 0, 0, 0, 0, 0, 0, 0, 0, 0, 0, 0, 0
out_006069+section8-0.jpg, 191, 166, 255, 185, 0, 0, 0, 0, 0, 0, 0, 0, 0, 0, 0, 0
out_006334+section2-1.jpg, 34, 37, 57, 61, 0, 0, 0, 0, 0, 0, 0, 0, 0, 0, 0, 0
out_006334+section21-1.jpg, 235, 98, 277, 133, 0, 0, 0, 0, 0, 0, 0, 0, 0, 0, 0, 0
out_006334+section24-2.jpg, 104, 165, 250, 224, 0, 0, 0, 0, 0, 0, 0, 0, 0, 0, 0, 0
out_006334+section33-2.jpg, 35, 10, 144, 50, 0, 0, 0, 0, 0, 0, 0, 0, 0, 0, 0, 0
out_006334+section34-1.jpg, 7, 218, 64, 224, 0, 0, 0, 0, 0, 0, 0, 0, 0, 0, 0, 0
out_006334+section34-2.jpg, 11, 0, 64, 21, 0, 0, 0, 0, 0, 0, 0, 0, 0, 0, 0, 0
out_006608+section1-0.jpg, 168, 118, 200, 128, 0, 0, 0, 0, 0, 0, 0, 0, 0, 0, 0, 0
out_006608+section19-0.jpg, 309, 162, 332, 179, 0, 0, 0, 0, 0, 0, 0, 0, 0, 0, 0, 0
out_006608+section20-0.jpg, 0, 161, 49, 179, 0, 0, 0, 0, 0, 0, 0, 0, 0, 0, 0, 0
out_006608+section21-1.jpg, 15, 89, 135, 132, 0, 0, 0, 0, 0, 0, 0, 0, 0, 0, 0, 0
out_006608+section24-3.jpg, 237, 38, 332, 102, 0, 0, 0, 0, 0, 0, 0, 0, 0, 0, 0, 0
out_006608+section25-3.jpg, 0, 6, 48, 53, 0, 0, 0, 0, 0, 0, 0, 0, 0, 0, 0, 0
out_006608+section33-2.jpg, 173, 93, 309, 152, 0, 0, 0, 0, 0, 0, 0, 0, 0, 0, 0, 0
out_007523+section19-0.jpg, 215, 123, 252, 136, 0, 0, 0, 0, 0, 0, 0, 0, 0, 0, 0, 0
out_007523+section20-0.jpg, 60, 213, 149, 225, 0, 0, 0, 0, 0, 0, 0, 0, 0, 0, 0, 0
out_007523+section20-1.jpg, 64, 0, 152, 12, 0, 0, 0, 0, 0, 0, 0, 0, 0, 0, 0, 0
out_007523+section33-2.jpg, 169, 183, 206, 215, 0, 0, 0, 0, 0, 0, 0, 0, 0, 0, 0, 0
out_007852+section19-0.jpg, 164, 172, 230, 188, 0, 0, 0, 0, 0, 0, 0, 0, 0, 0, 0, 0
out_007852+section36-0.jpg, 285, 97, 314, 106, 0, 0, 0, 0, 0, 0, 0, 0, 0, 0, 0, 0
out_010495+section2-0.jpg, 92, 89, 130, 103, 0, 0, 0, 0, 0, 0, 0, 0, 0, 0, 0, 0
out_010988+section1-1.jpg, 294, 34, 332, 56, 0, 0, 0, 0, 0, 0, 0, 0, 0, 0, 0, 0
out_010988+section17-0.jpg, 131, 137, 172, 146, 0, 0, 0, 0, 0, 0, 0, 0, 0, 0, 0, 0
out_010988+section2-1.jpg, 0, 37, 43, 59, 0, 0, 0, 0, 0, 0, 0, 0, 0, 0, 0, 0
out_010988+section5-2.jpg, 78, 169, 204, 206, 0, 0, 0, 0, 0, 0, 0, 0, 0, 0, 0, 0
out_011623+section0-0.jpg, 191, 142, 235, 160, 0, 0, 0, 0, 0, 0, 0, 0, 0, 0, 0, 0
out_011623+section36-0.jpg, 85, 113, 118, 122, 0, 0, 0, 0, 0, 0, 0, 0, 0, 0, 0, 0
out_012850+section1-1.jpg, 103, 38, 191, 64, 0, 0, 0, 0, 0, 0, 0, 0, 0, 0, 0, 0
out_012850+section17-0.jpg, 236, 155, 284, 167, 0, 0, 0, 0, 0, 0, 0, 0, 0, 0, 0, 0
out_012850+section19-0.jpg, 82, 170, 128, 181, 0, 0, 0, 0, 0, 0, 0, 0, 0, 0, 0, 0
out_012850+section21-3.jpg, 281, 41, 332, 93, 0, 0, 0, 0, 0, 0, 0, 0, 0, 0, 0, 0
out_012850+section22-3.jpg, 0, 30, 118, 66, 0, 0, 0, 0, 0, 0, 0, 0, 0, 0, 0, 0
out_012850+section32-3.jpg, 11, 143, 198, 225, 0, 0, 0, 0, 0, 0, 0, 0, 0, 0, 0, 0
out_012850+section32-4.jpg, 82, 0, 207, 50, 0, 0, 0, 0, 0, 0, 0, 0, 0, 0, 0, 0
out_012850+section5-4.jpg, 116, 34, 295, 121, 0, 0, 0, 0, 0, 0, 0, 0, 0, 0, 0, 0
out_014540+section0-0.jpg, 26, 176, 54, 187, 0, 0, 0, 0, 0, 0, 0, 0, 0, 0, 0, 0
out_014540+section20-1.jpg, 208, 0, 310, 31, 0, 0, 0, 0, 0, 0, 0, 0, 0, 0, 0, 0
out_014540+section32-3.jpg, 26, 11, 171, 83, 0, 0, 0, 0, 0, 0, 0, 0, 0, 0, 0, 0
out_014540+section6-2.jpg, 0, 17, 117, 60, 0, 0, 0, 0, 0, 0, 0, 0, 0, 0, 0, 0
out_014909+section36-0.jpg, 270, 86, 309, 104, 0, 0, 0, 0, 0, 0, 0, 0, 0, 0, 0, 0
out_015214+section17-0.jpg, 278, 57, 309, 71, 0, 0, 0, 0, 0, 0, 0, 0, 0, 0, 0, 0
out_015214+section18-0.jpg, 96, 96, 134, 110, 0, 0, 0, 0, 0, 0, 0, 0, 0, 0, 0, 0
out_015469+section0-0.jpg, 264, 120, 301, 132, 0, 0, 0, 0, 0, 0, 0, 0, 0, 0, 0, 0
out_015469+section1-0.jpg, 148, 195, 208, 208, 0, 0, 0, 0, 0, 0, 0, 0, 0, 0, 0, 0
out_015469+section12-0.jpg, 116, 167, 151, 179, 0, 0, 0, 0, 0, 0, 0, 0, 0, 0, 0, 0
out_015469+section2-1.jpg, 89, 95, 171, 118, 0, 0, 0, 0, 0, 0, 0, 0, 0, 0, 0, 0
out_015469+section20-0.jpg, 251, 171, 285, 189, 0, 0, 0, 0, 0, 0, 0, 0, 0, 0, 0, 0
out_015469+section24-3.jpg, 9, 144, 140, 211, 0, 0, 0, 0, 0, 0, 0, 0, 0, 0, 0, 0
out_015469+section32-3.jpg, 84, 0, 245, 69, 0, 0, 0, 0, 0, 0, 0, 0, 0, 0, 0, 0
out_017327+section10-0.jpg, 111, 140, 151, 150, 0, 0, 0, 0, 0, 0, 0, 0, 0, 0, 0, 0
out_017327+section11-0.jpg, 208, 191, 254, 202, 0, 0, 0, 0, 0, 0, 0, 0, 0, 0, 0, 0
out_017327+section12-0.jpg, 117, 107, 152, 122, 0, 0, 0, 0, 0, 0, 0, 0, 0, 0, 0, 0
out_017327+section13-0.jpg, 22, 72, 46, 81, 0, 0, 0, 0, 0, 0, 0, 0, 0, 0, 0, 0
out_017327+section19-0.jpg, 171, 128, 210, 139, 0, 0, 0, 0, 0, 0, 0, 0, 0, 0, 0, 0
out_017327+section34-1.jpg, 299, 90, 332, 121, 0, 0, 0, 0, 0, 0, 0, 0, 0, 0, 0, 0
out_017327+section4-1.jpg, 43, 46, 101, 71, 0, 0, 0, 0, 0, 0, 0, 0, 0, 0, 0, 0
out_017327+section5-0.jpg, 250, 105, 292, 118, 0, 0, 0, 0, 0, 0, 0, 0, 0, 0, 0, 0
out_017327+section6-0.jpg, 109, 106, 155, 120, 0, 0, 0, 0, 0, 0, 0, 0, 0, 0, 0, 0
out_017327+section6-1.jpg, 134, 72, 249, 108, 0, 0, 0, 0, 0, 0, 0, 0, 0, 0, 0, 0
out_017327+section7-0.jpg, 313, 169, 332, 180, 0, 0, 0, 0, 0, 0, 0, 0, 0, 0, 0, 0
out_017327+section8-0.jpg, 0, 168, 36, 183, 0, 0, 0, 0, 0, 0, 0, 0, 0, 0, 0, 0
out_017327+section9-1.jpg, 35, 157, 172, 180, 0, 0, 0, 0, 0, 0, 0, 0, 0, 0, 0, 0
out_018942+section17-0.jpg, 184, 115, 227, 124, 0, 0, 0, 0, 0, 0, 0, 0, 0, 0, 0, 0
out_018942+section18-0.jpg, 222, 52, 249, 59, 0, 0, 0, 0, 0, 0, 0, 0, 0, 0, 0, 0
out_019717+section0-0.jpg, 317, 142, 332, 149, 0, 0, 0, 0, 0, 0, 0, 0, 0, 0, 0, 0
out_019717+section0-1.jpg, 0, 122, 77, 141, 0, 0, 0, 0, 0, 0, 0, 0, 0, 0, 0, 0
out_019717+section1-0.jpg, 0, 142, 21, 150, 0, 0, 0, 0, 0, 0, 0, 0, 0, 0, 0, 0
out_019717+section16-0.jpg, 318, 177, 332, 194, 0, 0, 0, 0, 0, 0, 0, 0, 0, 0, 0, 0
out_019717+section17-0.jpg, 0, 177, 54, 194, 0, 0, 0, 0, 0, 0, 0, 0, 0, 0, 0, 0
out_019967+section34-1.jpg, 281, 166, 332, 192, 0, 0, 0, 0, 0, 0, 0, 0, 0, 0, 0, 0
out_019967+section35-1.jpg, 0, 167, 62, 193, 0, 0, 0, 0, 0, 0, 0, 0, 0, 0, 0, 0
out_023394+section0-0.jpg, 162, 119, 185, 127, 0, 0, 0, 0, 0, 0, 0, 0, 0, 0, 0, 0
out_023394+section13-1.jpg, 118, 68, 192, 102, 0, 0, 0, 0, 0, 0, 0, 0, 0, 0, 0, 0
out_023394+section15-1.jpg, 142, 152, 258, 189, 0, 0, 0, 0, 0, 0, 0, 0, 0, 0, 0, 0
out_023394+section2-0.jpg, 200, 225, 257, 225, 0, 0, 0, 0, 0, 0, 0, 0, 0, 0, 0, 0
out_023394+section2-1.jpg, 203, 0, 257, 4, 0, 0, 0, 0, 0, 0, 0, 0, 0, 0, 0, 0
out_023394+section2-2.jpg, 0, 0, 108, 36, 0, 0, 0, 0, 0, 0, 0, 0, 0, 0, 0, 0
out_023394+section6-1.jpg, 28, 181, 101, 213, 0, 0, 0, 0, 0, 0, 0, 0, 0, 0, 0, 0
out_023394+section7-4.jpg, 176, 8, 261, 89, 0, 0, 0, 0, 0, 0, 0, 0, 0, 0, 0, 0
out_024223+section0-0.jpg, 252, 161, 332, 173, 0, 0, 0, 0, 0, 0, 0, 0, 0, 0, 0, 0
out_024223+section20-1.jpg, 248, 100, 307, 121, 0, 0, 0, 0, 0, 0, 0, 0, 0, 0, 0, 0
out_024223+section24-3.jpg, 0, 154, 134, 202, 0, 0, 0, 0, 0, 0, 0, 0, 0, 0, 0, 0
out_024223+section30-4.jpg, 117, 0, 252, 119, 0, 0, 0, 0, 0, 0, 0, 0, 0, 0, 0, 0
out_024223+section34-2.jpg, 188, 32, 257, 62, 0, 0, 0, 0, 0, 0, 0, 0, 0, 0, 0, 0
out_024478+section17-0.jpg, 49, 160, 85, 170, 0, 0, 0, 0, 0, 0, 0, 0, 0, 0, 0, 0
out_024478+section22-1.jpg, 67, 80, 128, 114, 0, 0, 0, 0, 0, 0, 0, 0, 0, 0, 0, 0
out_025807+section0-0.jpg, 292, 162, 332, 177, 0, 0, 0, 0, 0, 0, 0, 0, 0, 0, 0, 0
out_025807+section24-4.jpg, 143, 134, 332, 183, 0, 0, 0, 0, 0, 0, 0, 0, 0, 0, 0, 0
out_025807+section25-4.jpg, 0, 133, 121, 177, 0, 0, 0, 0, 0, 0, 0, 0, 0, 0, 0, 0
out_025807+section26-1.jpg, 273, 26, 332, 43, 0, 0, 0, 0, 0, 0, 0, 0, 0, 0, 0, 0
out_025807+section27-1.jpg, 0, 24, 19, 49, 0, 0, 0, 0, 0, 0, 0, 0, 0, 0, 0, 0
out_026536+section1-1.jpg, 276, 154, 332, 191, 0, 0, 0, 0, 0, 0, 0, 0, 0, 0, 0, 0
out_026536+section2-1.jpg, 0, 154, 49, 187, 0, 0, 0, 0, 0, 0, 0, 0, 0, 0, 0, 0
out_027335+section1-0.jpg, 156, 159, 190, 168, 0, 0, 0, 0, 0, 0, 0, 0, 0, 0, 0, 0
out_027335+section11-1.jpg, 203, 108, 258, 149, 0, 0, 0, 0, 0, 0, 0, 0, 0, 0, 0, 0
out_027335+section19-1.jpg, 256, 14, 300, 57, 0, 0, 0, 0, 0, 0, 0, 0, 0, 0, 0, 0
out_027335+section2-2.jpg, 237, 106, 308, 186, 0, 0, 0, 0, 0, 0, 0, 0, 0, 0, 0, 0
out_027335+section21-1.jpg, 157, 136, 239, 199, 0, 0, 0, 0, 0, 0, 0, 0, 0, 0, 0, 0
out_027335+section22-3.jpg, 305, 20, 332, 67, 0, 0, 0, 0, 0, 0, 0, 0, 0, 0, 0, 0
out_027335+section23-3.jpg, 0, 27, 143, 111, 0, 0, 0, 0, 0, 0, 0, 0, 0, 0, 0, 0
out_027335+section26-4.jpg, 172, 0, 332, 57, 0, 0, 0, 0, 0, 0, 0, 0, 0, 0, 0, 0
out_027335+section27-4.jpg, 0, 0, 192, 75, 0, 0, 0, 0, 0, 0, 0, 0, 0, 0, 0, 0
out_027335+section3-0.jpg, 304, 116, 332, 129, 0, 0, 0, 0, 0, 0, 0, 0, 0, 0, 0, 0
out_027335+section35-1.jpg, 33, 190, 103, 226, 0, 0, 0, 0, 0, 0, 0, 0, 0, 0, 0, 0
out_027335+section4-0.jpg, 253, 129, 297, 146, 0, 0, 0, 0, 0, 0, 0, 0, 0, 0, 0, 0
out_027335+section4-3.jpg, 8, 76, 154, 178, 0, 0, 0, 0, 0, 0, 0, 0, 0, 0, 0, 0
out_027335+section6-0.jpg, 69, 131, 103, 151, 0, 0, 0, 0, 0, 0, 0, 0, 0, 0, 0, 0
out_031898+section14-2.jpg, 199, 182, 332, 223, 0, 0, 0, 0, 0, 0, 0, 0, 0, 0, 0, 0
out_031898+section4-3.jpg, 194, 0, 256, 125, 0, 0, 0, 0, 0, 0, 0, 0, 0, 0, 0, 0
out_032210+section36-0.jpg, 12, 183, 65, 198, 0, 0, 0, 0, 0, 0, 0, 0, 0, 0, 0, 0
out_033475+section12-1.jpg, 57, 124, 110, 167, 0, 0, 0, 0, 0, 0, 0, 0, 0, 0, 0, 0
out_033475+section17-0.jpg, 159, 90, 198, 99, 0, 0, 0, 0, 0, 0, 0, 0, 0, 0, 0, 0
out_033475+section2-0.jpg, 99, 187, 155, 203, 0, 0, 0, 0, 0, 0, 0, 0, 0, 0, 0, 0
out_033475+section3-1.jpg, 112, 37, 185, 56, 0, 0, 0, 0, 0, 0, 0, 0, 0, 0, 0, 0
out_033475+section6-1.jpg, 183, 206, 238, 226, 0, 0, 0, 0, 0, 0, 0, 0, 0, 0, 0, 0
out_034171+section19-0.jpg, 15, 66, 45, 77, 0, 0, 0, 0, 0, 0, 0, 0, 0, 0, 0, 0
out_034171+section21-1.jpg, 71, 210, 217, 224, 0, 0, 0, 0, 0, 0, 0, 0, 0, 0, 0, 0
out_034171+section21-2.jpg, 75, 0, 223, 29, 0, 0, 0, 0, 0, 0, 0, 0, 0, 0, 0, 0
out_034171+section35-1.jpg, 42, 137, 138, 157, 0, 0, 0, 0, 0, 0, 0, 0, 0, 0, 0, 0
out_034422+section24-3.jpg, 18, 142, 165, 190, 0, 0, 0, 0, 0, 0, 0, 0, 0, 0, 0, 0
out_034422+section34-2.jpg, 123, 74, 249, 116, 0, 0, 0, 0, 0, 0, 0, 0, 0, 0, 0, 0
out_034422+section34-6.jpg, 225, 100, 332, 93, 0, 0, 0, 0, 0, 0, 0, 0, 0, 0, 0, 0
out_034422+section36-1.jpg, 175, 42, 206, 51, 0, 0, 0, 0, 0, 0, 0, 0, 0, 0, 0, 0
out_036474+section0-0.jpg, 210, 97, 240, 101, 0, 0, 0, 0, 0, 0, 0, 0, 0, 0, 0, 0
out_036474+section16-0.jpg, 45, 150, 118, 174, 0, 0, 0, 0, 0, 0, 0, 0, 0, 0, 0, 0
out_036474+section17-0.jpg, 56, 56, 92, 70, 0, 0, 0, 0, 0, 0, 0, 0, 0, 0, 0, 0
out_036474+section31-1.jpg, 273, 78, 315, 94, 0, 0, 0, 0, 0, 0, 0, 0, 0, 0, 0, 0
out_036979+section19-1.jpg, 279, 13, 332, 33, 0, 0, 0, 0, 0, 0, 0, 0, 0, 0, 0, 0
out_036979+section20-1.jpg, 0, 12, 43, 34, 0, 0, 0, 0, 0, 0, 0, 0, 0, 0, 0, 0
out_037506+section1-0.jpg, 105, 100, 135, 111, 0, 0, 0, 0, 0, 0, 0, 0, 0, 0, 0, 0
out_037506+section16-0.jpg, 267, 162, 319, 183, 0, 0, 0, 0, 0, 0, 0, 0, 0, 0, 0, 0
out_037506+section36-0.jpg, 193, 139, 227, 153, 0, 0, 0, 0, 0, 0, 0, 0, 0, 0, 0, 0
out_037798+section16-0.jpg, 261, 68, 286, 75, 0, 0, 0, 0, 0, 0, 0, 0, 0, 0, 0, 0
out_038530+section15-1.jpg, 232, 207, 277, 224, 0, 0, 0, 0, 0, 0, 0, 0, 0, 0, 0, 0
out_038530+section15-2.jpg, 233, 0, 320, 32, 0, 0, 0, 0, 0, 0, 0, 0, 0, 0, 0, 0
out_038530+section2-0.jpg, 209, 142, 243, 151, 0, 0, 0, 0, 0, 0, 0, 0, 0, 0, 0, 0
out_038530+section20-0.jpg, 244, 126, 275, 139, 0, 0, 0, 0, 0, 0, 0, 0, 0, 0, 0, 0
out_038530+section31-0.jpg, 151, 116, 178, 126, 0, 0, 0, 0, 0, 0, 0, 0, 0, 0, 0, 0
out_038530+section7-1.jpg, 137, 118, 243, 159, 0, 0, 0, 0, 0, 0, 0, 0, 0, 0, 0, 0
out_039246+section25-0.jpg, 165, 144, 199, 159, 0, 0, 0, 0, 0, 0, 0, 0, 0, 0, 0, 0
out_039723+section17-0.jpg, 110, 133, 162, 150, 0, 0, 0, 0, 0, 0, 0, 0, 0, 0, 0, 0
out_039723+section5-1.jpg, 45, 154, 222, 203, 0, 0, 0, 0, 0, 0, 0, 0, 0, 0, 0, 0
out_045003+section0-0.jpg, 81, 210, 158, 226, 0, 0, 0, 0, 0, 0, 0, 0, 0, 0, 0, 0
out_045354+section15-1.jpg, 270, 189, 332, 222, 0, 0, 0, 0, 0, 0, 0, 0, 0, 0, 0, 0
out_045354+section16-1.jpg, 0, 198, 67, 225, 0, 0, 0, 0, 0, 0, 0, 0, 0, 0, 0, 0
out_045354+section17-0.jpg, 109, 108, 162, 122, 0, 0, 0, 0, 0, 0, 0, 0, 0, 0, 0, 0
out_045614+section34-2.jpg, 164, 24, 288, 59, 0, 0, 0, 0, 0, 0, 0, 0, 0, 0, 0, 0
out_045614+section35-0.jpg, 307, 208, 332, 219, 0, 0, 0, 0, 0, 0, 0, 0, 0, 0, 0, 0
out_045890+section17-0.jpg, 85, 93, 128, 104, 0, 0, 0, 0, 0, 0, 0, 0, 0, 0, 0, 0
out_045890+section18-0.jpg, 48, 57, 85, 69, 0, 0, 0, 0, 0, 0, 0, 0, 0, 0, 0, 0
out_046169+section31-0.jpg, 270, 119, 307, 132, 0, 0, 0, 0, 0, 0, 0, 0, 0, 0, 0, 0
out_046169+section4-0.jpg, 109, 110, 138, 120, 0, 0, 0, 0, 0, 0, 0, 0, 0, 0, 0, 0
out_046169+section5-0.jpg, 92, 119, 126, 132, 0, 0, 0, 0, 0, 0, 0, 0, 0, 0, 0, 0
out_046169+section6-0.jpg, 132, 111, 165, 120, 0, 0, 0, 0, 0, 0, 0, 0, 0, 0, 0, 0
out_046169+section7-0.jpg, 165, 113, 198, 122, 0, 0, 0, 0, 0, 0, 0, 0, 0, 0, 0, 0
out_046779+section14-0.jpg, 288, 201, 323, 213, 0, 0, 0, 0, 0, 0, 0, 0, 0, 0, 0, 0
out_046779+section15-0.jpg, 0, 200, 24, 214, 0, 0, 0, 0, 0, 0, 0, 0, 0, 0, 0, 0
out_046779+section19-0.jpg, 160, 123, 180, 133, 0, 0, 0, 0, 0, 0, 0, 0, 0, 0, 0, 0
out_046779+section20-1.jpg, 47, 50, 138, 67, 0, 0, 0, 0, 0, 0, 0, 0, 0, 0, 0, 0
out_046779+section23-3.jpg, 70, 157, 240, 215, 0, 0, 0, 0, 0, 0, 0, 0, 0, 0, 0, 0
out_046779+section3-3.jpg, 305, 22, 332, 70, 0, 0, 0, 0, 0, 0, 0, 0, 0, 0, 0, 0
out_046779+section34-1.jpg, 291, 198, 332, 221, 0, 0, 0, 0, 0, 0, 0, 0, 0, 0, 0, 0
out_046779+section35-1.jpg, 0, 201, 67, 225, 0, 0, 0, 0, 0, 0, 0, 0, 0, 0, 0, 0
out_046779+section4-3.jpg, 0, 10, 122, 56, 0, 0, 0, 0, 0, 0, 0, 0, 0, 0, 0, 0
out_047076+section11-0.jpg, 123, 102, 151, 111, 0, 0, 0, 0, 0, 0, 0, 0, 0, 0, 0, 0
out_047076+section11-2.jpg, 272, 155, 332, 226, 0, 0, 0, 0, 0, 0, 0, 0, 0, 0, 0, 0
out_047076+section12-2.jpg, 0, 200, 43, 224, 0, 0, 0, 0, 0, 0, 0, 0, 0, 0, 0, 0
out_047076+section12-3.jpg, 0, 0, 55, 57, 0, 0, 0, 0, 0, 0, 0, 0, 0, 0, 0, 0
out_047076+section14-0.jpg, 0, 145, 52, 160, 0, 0, 0, 0, 0, 0, 0, 0, 0, 0, 0, 0
out_047076+section23-0.jpg, 69, 88, 87, 101, 0, 0, 0, 0, 0, 0, 0, 0, 0, 0, 0, 0
out_047654+section0-0.jpg, 133, 138, 178, 155, 0, 0, 0, 0, 0, 0, 0, 0, 0, 0, 0, 0
out_047654+section15-0.jpg, 249, 33, 294, 50, 0, 0, 0, 0, 0, 0, 0, 0, 0, 0, 0, 0
out_047654+section16-0.jpg, 222, 180, 297, 205, 0, 0, 0, 0, 0, 0, 0, 0, 0, 0, 0, 0
out_047654+section19-0.jpg, 199, 183, 265, 209, 0, 0, 0, 0, 0, 0, 0, 0, 0, 0, 0, 0
out_047654+section23-2.jpg, 0, 168, 169, 225, 0, 0, 0, 0, 0, 0, 0, 0, 0, 0, 0, 0
out_047654+section3-3.jpg, 58, 59, 171, 104, 0, 0, 0, 0, 0, 0, 0, 0, 0, 0, 0, 0
out_047654+section33-2.jpg, 91, 139, 209, 189, 0, 0, 0, 0, 0, 0, 0, 0, 0, 0, 0, 0
out_047654+section35-0.jpg, 231, 185, 288, 205, 0, 0, 0, 0, 0, 0, 0, 0, 0, 0, 0, 0
out_049107+section1-1.jpg, 46, 67, 109, 85, 0, 0, 0, 0, 0, 0, 0, 0, 0, 0, 0, 0
out_049107+section3-0.jpg, 26, 194, 57, 204, 0, 0, 0, 0, 0, 0, 0, 0, 0, 0, 0, 0
out_049107+section34-0.jpg, 291, 149, 317, 158, 0, 0, 0, 0, 0, 0, 0, 0, 0, 0, 0, 0
out_049107+section35-0.jpg, 205, 140, 232, 151, 0, 0, 0, 0, 0, 0, 0, 0, 0, 0, 0, 0
out_049107+section36-0.jpg, 112, 213, 163, 226, 0, 0, 0, 0, 0, 0, 0, 0, 0, 0, 0, 0
out_049107+section4-0.jpg, 283, 190, 308, 198, 0, 0, 0, 0, 0, 0, 0, 0, 0, 0, 0, 0
out_049107+section5-0.jpg, 281, 182, 314, 190, 0, 0, 0, 0, 0, 0, 0, 0, 0, 0, 0, 0
out_049573+section17-1.jpg, 66, 0, 164, 33, 0, 0, 0, 0, 0, 0, 0, 0, 0, 0, 0, 0
out_049573+section19-0.jpg, 284, 41, 307, 56, 0, 0, 0, 0, 0, 0, 0, 0, 0, 0, 0, 0
out_049573+section21-0.jpg, 0, 151, 58, 172, 0, 0, 0, 0, 0, 0, 0, 0, 0, 0, 0, 0
out_049573+section27-4.jpg, 244, 135, 332, 214, 0, 0, 0, 0, 0, 0, 0, 0, 0, 0, 0, 0
out_049573+section28-4.jpg, 0, 85, 171, 162, 0, 0, 0, 0, 0, 0, 0, 0, 0, 0, 0, 0
out_049573+section34-1.jpg, 316, 57, 332, 74, 0, 0, 0, 0, 0, 0, 0, 0, 0, 0, 0, 0
out_049573+section35-1.jpg, 0, 60, 62, 81, 0, 0, 0, 0, 0, 0, 0, 0, 0, 0, 0, 0
out_049823+section19-0.jpg, 40, 34, 71, 44, 0, 0, 0, 0, 0, 0, 0, 0, 0, 0, 0, 0
out_049823+section21-1.jpg, 241, 144, 332, 179, 0, 0, 0, 0, 0, 0, 0, 0, 0, 0, 0, 0
out_049823+section22-1.jpg, 0, 142, 43, 178, 0, 0, 0, 0, 0, 0, 0, 0, 0, 0, 0, 0
out_050634+section16-1.jpg, 0, 177, 92, 207, 0, 0, 0, 0, 0, 0, 0, 0, 0, 0, 0, 0
out_050634+section17-0.jpg, 83, 153, 132, 168, 0, 0, 0, 0, 0, 0, 0, 0, 0, 0, 0, 0
out_050634+section18-0.jpg, 309, 40, 332, 45, 0, 0, 0, 0, 0, 0, 0, 0, 0, 0, 0, 0
out_051091+section0-1.jpg, 254, 207, 332, 225, 0, 0, 0, 0, 0, 0, 0, 0, 0, 0, 0, 0
out_051091+section1-1.jpg, 0, 196, 21, 218, 0, 0, 0, 0, 0, 0, 0, 0, 0, 0, 0, 0
out_051091+section12-2.jpg, 14, 32, 119, 76, 0, 0, 0, 0, 0, 0, 0, 0, 0, 0, 0, 0
out_051091+section14-2.jpg, 124, 104, 278, 178, 0, 0, 0, 0, 0, 0, 0, 0, 0, 0, 0, 0
out_051091+section34-0.jpg, 256, 177, 291, 186, 0, 0, 0, 0, 0, 0, 0, 0, 0, 0, 0, 0
out_051091+section4-2.jpg, 140, 175, 208, 221, 0, 0, 0, 0, 0, 0, 0, 0, 0, 0, 0, 0
out_051091+section7-2.jpg, 235, 149, 294, 226, 0, 0, 0, 0, 0, 0, 0, 0, 0, 0, 0, 0
out_056192+section17-0.jpg, 235, 88, 282, 102, 0, 0, 0, 0, 0, 0, 0, 0, 0, 0, 0, 0
out_056192+section18-0.jpg, 146, 188, 214, 201, 0, 0, 0, 0, 0, 0, 0, 0, 0, 0, 0, 0
out_056192+section2-0.jpg, 29, 155, 73, 168, 0, 0, 0, 0, 0, 0, 0, 0, 0, 0, 0, 0
out_056192+section22-0.jpg, 67, 188, 128, 222, 0, 0, 0, 0, 0, 0, 0, 0, 0, 0, 0, 0
out_056192+section25-0.jpg, 57, 17, 101, 32, 0, 0, 0, 0, 0, 0, 0, 0, 0, 0, 0, 0
out_056192+section27-0.jpg, 81, 24, 129, 37, 0, 0, 0, 0, 0, 0, 0, 0, 0, 0, 0, 0
out_056192+section4-0.jpg, 0, 122, 37, 134, 0, 0, 0, 0, 0, 0, 0, 0, 0, 0, 0, 0
out_056192+section6-0.jpg, 248, 162, 300, 180, 0, 0, 0, 0, 0, 0, 0, 0, 0, 0, 0, 0
out_056516+section22-0.jpg, 194, 172, 252, 190, 0, 0, 0, 0, 0, 0, 0, 0, 0, 0, 0, 0
out_056516+section23-0.jpg, 147, 110, 179, 124, 0, 0, 0, 0, 0, 0, 0, 0, 0, 0, 0, 0
out_057505+section0-0.jpg, 110, 131, 144, 143, 0, 0, 0, 0, 0, 0, 0, 0, 0, 0, 0, 0
out_057505+section1-0.jpg, 193, 138, 234, 149, 0, 0, 0, 0, 0, 0, 0, 0, 0, 0, 0, 0
out_057505+section36-0.jpg, 245, 135, 274, 144, 0, 0, 0, 0, 0, 0, 0, 0, 0, 0, 0, 0
out_057756+section17-0.jpg, 0, 149, 36, 167, 0, 0, 0, 0, 0, 0, 0, 0, 0, 0, 0, 0
out_057756+section3-0.jpg, 144, 82, 174, 95, 0, 0, 0, 0, 0, 0, 0, 0, 0, 0, 0, 0
out_062494+section17-0.jpg, 132, 52, 159, 69, 0, 0, 0, 0, 0, 0, 0, 0, 0, 0, 0, 0
out_062494+section20-1.jpg, 117, 9, 142, 42, 0, 0, 0, 0, 0, 0, 0, 0, 0, 0, 0, 0
out_062494+section9-1.jpg, 96, 95, 217, 142, 0, 0, 0, 0, 0, 0, 0, 0, 0, 0, 0, 0
out_062975+section0-0.jpg, 126, 148, 157, 156, 0, 0, 0, 0, 0, 0, 0, 0, 0, 0, 0, 0
out_062975+section35-0.jpg, 120, 141, 150, 150, 0, 0, 0, 0, 0, 0, 0, 0, 0, 0, 0, 0
out_062975+section36-1.jpg, 239, 110, 332, 140, 0, 0, 0, 0, 0, 0, 0, 0, 0, 0, 0, 0
out_063357+section18-0.jpg, 218, 38, 246, 53, 0, 0, 0, 0, 0, 0, 0, 0, 0, 0, 0, 0
out_063682+section0-0.jpg, 175, 127, 207, 135, 0, 0, 0, 0, 0, 0, 0, 0, 0, 0, 0, 0
out_063682+section15-0.jpg, 70, 98, 116, 117, 0, 0, 0, 0, 0, 0, 0, 0, 0, 0, 0, 0
out_063682+section19-1.jpg, 238, 123, 332, 154, 0, 0, 0, 0, 0, 0, 0, 0, 0, 0, 0, 0
out_063682+section20-1.jpg, 0, 121, 26, 150, 0, 0, 0, 0, 0, 0, 0, 0, 0, 0, 0, 0
out_063682+section36-1.jpg, 189, 34, 256, 51, 0, 0, 0, 0, 0, 0, 0, 0, 0, 0, 0, 0
